id,annotator_id,sentence,label,timestamp,created_at,annotator_name
405,cc7b937d-459e-416b-8fe9-05143627253d,"I would hope Canadians in Quebec and the ROC will send him a message he can't ignore, boycott anything he touches.","{""None"":true,""Economic"":false,""Morality"":false,""Health_Safety"":false,""Legality_Crime"":false,""Public_Opinion"":false,""Security_Defense"":false,""Cultural_Identity"":false,""Fairness_Equality"":false,""Political_Policies"":false}",2025-06-17 00:13:37.413672+00,2025-06-17 00:13:37.457175+00,Session3
406,cc7b937d-459e-416b-8fe9-05143627253d,"While addiction may call for forgiveness if I don't care for my children, I still must do so or arrange for others to do so.","{""None"":false,""Economic"":false,""Morality"":false,""Health_Safety"":true,""Legality_Crime"":false,""Public_Opinion"":false,""Security_Defense"":false,""Cultural_Identity"":false,""Fairness_Equality"":false,""Political_Policies"":false}",2025-06-17 00:24:02.198341+00,2025-06-17 00:13:55.380391+00,Session3
407,cc7b937d-459e-416b-8fe9-05143627253d,"Similarly, I don't believe the public school system should become a place for Friday prayers....especially when males and females are required to worship separately.","{""None"":false,""Economic"":false,""Morality"":false,""Health_Safety"":false,""Legality_Crime"":false,""Public_Opinion"":false,""Security_Defense"":false,""Cultural_Identity"":false,""Fairness_Equality"":true,""Political_Policies"":false}",2025-06-17 00:24:03.429982+00,2025-06-17 00:14:16.827828+00,Session3
408,cc7b937d-459e-416b-8fe9-05143627253d,"Acceptance of gays, against the teachings of most religions, is just one manifestation of the decline of organised religious influence.","{""None"":false,""Economic"":false,""Morality"":false,""Health_Safety"":false,""Legality_Crime"":false,""Public_Opinion"":false,""Security_Defense"":false,""Cultural_Identity"":false,""Fairness_Equality"":true,""Political_Policies"":false}",2025-06-17 00:24:19.782575+00,2025-06-17 00:14:31.953771+00,Session3
409,cc7b937d-459e-416b-8fe9-05143627253d,"For Brexit, the online interactive poll recorded 907, 000 votes & maintained its forecast over the 6 months leading to Britain's decision to leave the EU.Now, the Presidential Election has its own online poll.","{""None"":false,""Economic"":false,""Morality"":false,""Health_Safety"":false,""Legality_Crime"":false,""Public_Opinion"":true,""Security_Defense"":false,""Cultural_Identity"":false,""Fairness_Equality"":false,""Political_Policies"":false}",2025-06-17 00:24:22.599525+00,2025-06-17 00:23:55.263635+00,Session3
410,cc7b937d-459e-416b-8fe9-05143627253d,"'It was more serious, back then, of course, as the research director suggests: 'There are health risks to using cannabis ?","{""None"":false,""Economic"":false,""Morality"":false,""Health_Safety"":true,""Legality_Crime"":false,""Public_Opinion"":false,""Security_Defense"":false,""Cultural_Identity"":false,""Fairness_Equality"":false,""Political_Policies"":false}",2025-06-17 00:24:29.313641+00,2025-06-17 00:24:29.339252+00,Session3
411,cc7b937d-459e-416b-8fe9-05143627253d,I'm reluctant to embrace the millennial version of an ideal society because life does not really start until after school.,"{""None"":true,""Economic"":false,""Morality"":false,""Health_Safety"":false,""Legality_Crime"":false,""Public_Opinion"":false,""Security_Defense"":false,""Cultural_Identity"":false,""Fairness_Equality"":false,""Political_Policies"":false}",2025-06-17 00:24:35.525263+00,2025-06-17 00:24:35.555359+00,Session3
412,cc7b937d-459e-416b-8fe9-05143627253d,I like to know how she get away with every thing and not go to jail people even singe a petition to kick her out how the hell is she still in,"{""None"":false,""Economic"":false,""Morality"":false,""Health_Safety"":false,""Legality_Crime"":true,""Public_Opinion"":true,""Security_Defense"":false,""Cultural_Identity"":false,""Fairness_Equality"":false,""Political_Policies"":false}",2025-06-17 00:24:42.325127+00,2025-06-17 00:24:42.356578+00,Session3
413,cc7b937d-459e-416b-8fe9-05143627253d,"Thousands of francophones were deprived of their rights, compromised in their education, limited in their future opportunities and publicly demonized as lesser Canadians.","{""None"":false,""Economic"":false,""Morality"":false,""Health_Safety"":false,""Legality_Crime"":false,""Public_Opinion"":false,""Security_Defense"":false,""Cultural_Identity"":true,""Fairness_Equality"":true,""Political_Policies"":false}",2025-06-17 00:24:48.880704+00,2025-06-17 00:24:48.906688+00,Session3
414,cc7b937d-459e-416b-8fe9-05143627253d,"The debt went up by $671,942,119,311.43 in 2013 (according to us government numbers at the treasury dept).How is that a success?","{""None"":false,""Economic"":true,""Morality"":false,""Health_Safety"":false,""Legality_Crime"":false,""Public_Opinion"":false,""Security_Defense"":false,""Cultural_Identity"":false,""Fairness_Equality"":false,""Political_Policies"":false}",2025-06-17 00:24:52.979464+00,2025-06-17 00:24:53.011704+00,Session3
415,cc7b937d-459e-416b-8fe9-05143627253d,"To blame someone else because you feel angry, offended or upset shows an abandonment of responsibility and an utter lack of emotional and spiritual maturity.","{""None"":true,""Economic"":false,""Morality"":false,""Health_Safety"":false,""Legality_Crime"":false,""Public_Opinion"":false,""Security_Defense"":false,""Cultural_Identity"":false,""Fairness_Equality"":false,""Political_Policies"":false}",2025-06-17 00:25:55.65006+00,2025-06-17 00:25:55.671704+00,Session3
416,cc7b937d-459e-416b-8fe9-05143627253d,Good... as my high school office practice teacher used to say in my old high school here in Thunder Bay...,"{""None"":true,""Economic"":false,""Morality"":false,""Health_Safety"":false,""Legality_Crime"":false,""Public_Opinion"":false,""Security_Defense"":false,""Cultural_Identity"":false,""Fairness_Equality"":false,""Political_Policies"":false}",2025-06-17 00:25:59.049228+00,2025-06-17 00:25:59.076574+00,Session3
417,cc7b937d-459e-416b-8fe9-05143627253d,Only hours after the announcement of the abdication there were demonstrations across the country demanding a referendum on whether Spain should become a republic.,"{""None"":false,""Economic"":false,""Morality"":false,""Health_Safety"":false,""Legality_Crime"":false,""Public_Opinion"":true,""Security_Defense"":false,""Cultural_Identity"":false,""Fairness_Equality"":false,""Political_Policies"":false}",2025-06-17 00:26:06.479452+00,2025-06-17 00:26:06.495376+00,Session3
418,cc7b937d-459e-416b-8fe9-05143627253d,"Yes Israel does have a right to defend itself, but this defense must be appropriate and logical, this seems like a desired means to an end for Israel.","{""None"":false,""Economic"":false,""Morality"":false,""Health_Safety"":false,""Legality_Crime"":false,""Public_Opinion"":false,""Security_Defense"":true,""Cultural_Identity"":false,""Fairness_Equality"":false,""Political_Policies"":false}",2025-06-17 00:26:11.147546+00,2025-06-17 00:26:11.166063+00,Session3
419,cc7b937d-459e-416b-8fe9-05143627253d,"According to the Globe & Mail's little survey on this subject, 70% of this site's readers agree with you, as do I, Jeffrey.","{""None"":false,""Economic"":false,""Morality"":false,""Health_Safety"":false,""Legality_Crime"":false,""Public_Opinion"":true,""Security_Defense"":false,""Cultural_Identity"":false,""Fairness_Equality"":false,""Political_Policies"":false}",2025-06-17 00:26:16.804791+00,2025-06-17 00:26:16.825066+00,Session3
420,cc7b937d-459e-416b-8fe9-05143627253d,"The Supreme Court decision has the potential to move back this frenzied rush to development and encourage creative, long term and possibly more sustainable solutions.","{""None"":false,""Economic"":false,""Morality"":false,""Health_Safety"":false,""Legality_Crime"":false,""Public_Opinion"":false,""Security_Defense"":false,""Cultural_Identity"":false,""Fairness_Equality"":false,""Political_Policies"":true}",2025-06-17 00:26:36.420705+00,2025-06-17 00:26:36.44064+00,Session3
421,cc7b937d-459e-416b-8fe9-05143627253d,"The bystanders finally stood up, en masse, to the bullies: Tens of thousands of people in Karachi, men and women, came out to the public square Monday to denounce the Taliban and support Malala Yousafzai.","{""None"":false,""Economic"":false,""Morality"":false,""Health_Safety"":false,""Legality_Crime"":false,""Public_Opinion"":true,""Security_Defense"":false,""Cultural_Identity"":false,""Fairness_Equality"":true,""Political_Policies"":false}",2025-06-17 00:27:12.772246+00,2025-06-17 00:27:12.788919+00,Session3
422,cc7b937d-459e-416b-8fe9-05143627253d,"I think the answer for the courts is to direct orders requiring police action to the province's solicitor-general, who commands the police in the province, and hold him personally liable for contempt of court if the order is not obeyed.","{""None"":false,""Economic"":false,""Morality"":false,""Health_Safety"":false,""Legality_Crime"":true,""Public_Opinion"":false,""Security_Defense"":false,""Cultural_Identity"":false,""Fairness_Equality"":false,""Political_Policies"":false}",2025-06-17 00:27:20.116318+00,2025-06-17 00:27:20.131347+00,Session3
423,cc7b937d-459e-416b-8fe9-05143627253d,"The March telephone survey by L?ger Marketing found 82 per cent of Canadians favoured the policy somewhat or strongly, with just 15 per cent opposed.","{""None"":false,""Economic"":false,""Morality"":false,""Health_Safety"":false,""Legality_Crime"":false,""Public_Opinion"":true,""Security_Defense"":false,""Cultural_Identity"":false,""Fairness_Equality"":false,""Political_Policies"":false}",2025-06-17 00:27:33.606873+00,2025-06-17 00:27:33.621424+00,Session3
424,cc7b937d-459e-416b-8fe9-05143627253d,"My house price has increased from 5 times median earned income in 1969 and 1990, the last two times it was sold, to 11 times today.","{""None"":false,""Economic"":true,""Morality"":false,""Health_Safety"":false,""Legality_Crime"":false,""Public_Opinion"":false,""Security_Defense"":false,""Cultural_Identity"":false,""Fairness_Equality"":false,""Political_Policies"":false}",2025-06-17 00:27:37.717018+00,2025-06-17 00:27:37.729944+00,Session3
425,cc7b937d-459e-416b-8fe9-05143627253d,"We should not discriminate, but we also should stop sugar coating the problem and have a national, frank and open dialog about this epidemic.","{""None"":false,""Economic"":false,""Morality"":false,""Health_Safety"":true,""Legality_Crime"":false,""Public_Opinion"":false,""Security_Defense"":false,""Cultural_Identity"":false,""Fairness_Equality"":true,""Political_Policies"":false}",2025-06-17 00:27:44.853382+00,2025-06-17 00:27:44.861954+00,Session3
426,cc7b937d-459e-416b-8fe9-05143627253d,"And now here's Lawrence Martin to remind us that the Alberta oil patch is Canada's entire economy, and that we all have no choice but to eventually wake up and see it that way.","{""None"":false,""Economic"":true,""Morality"":false,""Health_Safety"":false,""Legality_Crime"":false,""Public_Opinion"":false,""Security_Defense"":false,""Cultural_Identity"":false,""Fairness_Equality"":false,""Political_Policies"":false}",2025-06-17 00:27:51.075089+00,2025-06-17 00:27:51.085016+00,Session3
427,cc7b937d-459e-416b-8fe9-05143627253d,"'Hydro-Quebec, the government-owned utility, has a contract to buy power from Newfoundland at a fixed price until 2016, and then a lower price still for 25 years thereafter.","{""None"":false,""Economic"":true,""Morality"":false,""Health_Safety"":false,""Legality_Crime"":false,""Public_Opinion"":false,""Security_Defense"":false,""Cultural_Identity"":false,""Fairness_Equality"":false,""Political_Policies"":false}",2025-06-17 00:27:56.347225+00,2025-06-17 00:27:56.363056+00,Session3
428,cc7b937d-459e-416b-8fe9-05143627253d,"The people of BC have a peculiar attachment to the natural world, at least apparently by the standards of most folk east of the Rockies.","{""None"":false,""Economic"":false,""Morality"":false,""Health_Safety"":false,""Legality_Crime"":false,""Public_Opinion"":false,""Security_Defense"":false,""Cultural_Identity"":true,""Fairness_Equality"":false,""Political_Policies"":false}",2025-06-17 00:28:02.434317+00,2025-06-17 00:28:02.440563+00,Session3
429,cc7b937d-459e-416b-8fe9-05143627253d,"''The second group are the street gangs that infest many of our cities and neighborhoods, whose main source of income is the sale of illegal drugs.","{""None"":false,""Economic"":false,""Morality"":false,""Health_Safety"":false,""Legality_Crime"":true,""Public_Opinion"":false,""Security_Defense"":false,""Cultural_Identity"":false,""Fairness_Equality"":false,""Political_Policies"":false}",2025-06-17 00:28:07.783783+00,2025-06-17 00:28:07.786539+00,Session3
430,cc7b937d-459e-416b-8fe9-05143627253d,"Before Castro, no literary work critical of American meddling in South and Central America could get published, and strongman rule was the order of the day.","{""None"":true,""Economic"":false,""Morality"":false,""Health_Safety"":false,""Legality_Crime"":false,""Public_Opinion"":false,""Security_Defense"":false,""Cultural_Identity"":false,""Fairness_Equality"":false,""Political_Policies"":false}",2025-06-17 00:28:30.022824+00,2025-06-17 00:28:30.034734+00,Session3
431,cc7b937d-459e-416b-8fe9-05143627253d,It's part of Canadian culture to criticize the rest of the world for not living up to similar values while pretending Canada does and blaming Harper when evidence is irrefutable that myth and reality clash.,"{""None"":false,""Economic"":false,""Morality"":false,""Health_Safety"":false,""Legality_Crime"":false,""Public_Opinion"":false,""Security_Defense"":false,""Cultural_Identity"":true,""Fairness_Equality"":false,""Political_Policies"":false}",2025-06-17 00:29:23.034222+00,2025-06-17 00:29:23.039827+00,Session3
432,cc7b937d-459e-416b-8fe9-05143627253d,"The big laugher is Steve goes there hat in hand and comes away with a few billion, less than his last visit.","{""None"":false,""Economic"":true,""Morality"":false,""Health_Safety"":false,""Legality_Crime"":false,""Public_Opinion"":false,""Security_Defense"":false,""Cultural_Identity"":false,""Fairness_Equality"":false,""Political_Policies"":false}",2025-06-17 00:29:39.910029+00,2025-06-17 00:29:39.916307+00,Session3
433,cc7b937d-459e-416b-8fe9-05143627253d,"I also encourage the Liberal government to allow this process to unfold in a reasonable, judicious amount of time.As Ontario's former minister responsible for democratic renewal, I have first-hand insight into the delicacy and complexity of this issue.","{""None"":false,""Economic"":false,""Morality"":false,""Health_Safety"":false,""Legality_Crime"":false,""Public_Opinion"":false,""Security_Defense"":false,""Cultural_Identity"":false,""Fairness_Equality"":false,""Political_Policies"":true}",2025-06-17 00:29:48.050765+00,2025-06-17 00:29:48.054451+00,Session3
434,cc7b937d-459e-416b-8fe9-05143627253d,"But it is nowhere near time to give up on these sports.Boston University researchers looked at the brains of 85 repeatedly concussed former athletes and soldiers, and found serious brain damage (chronic traumatic encephalopathy) in 58 of them.","{""None"":false,""Economic"":false,""Morality"":false,""Health_Safety"":true,""Legality_Crime"":false,""Public_Opinion"":false,""Security_Defense"":false,""Cultural_Identity"":false,""Fairness_Equality"":false,""Political_Policies"":false}",2025-06-17 00:29:56.829198+00,2025-06-17 00:29:56.825171+00,Session3
435,cc7b937d-459e-416b-8fe9-05143627253d,)3) Why aren't the Non-Greek banks and other Non-Greek entities that provided loans to the Greek government and Greek government-like entities between 1998 and 2008 being prosecuted for predatory lending??...,"{""None"":false,""Economic"":true,""Morality"":false,""Health_Safety"":false,""Legality_Crime"":true,""Public_Opinion"":false,""Security_Defense"":false,""Cultural_Identity"":false,""Fairness_Equality"":false,""Political_Policies"":false}",2025-06-17 00:30:06.290772+00,2025-06-17 00:30:06.294188+00,Session3
436,cc7b937d-459e-416b-8fe9-05143627253d,"When was the last time a union or association acknowledged publicly that their members are overpaid?For the past several years, physicians' incomes have risen less rapidly.","{""None"":false,""Economic"":true,""Morality"":false,""Health_Safety"":false,""Legality_Crime"":false,""Public_Opinion"":false,""Security_Defense"":false,""Cultural_Identity"":false,""Fairness_Equality"":false,""Political_Policies"":false}",2025-06-17 00:30:16.515284+00,2025-06-17 00:30:16.518998+00,Session3
437,cc7b937d-459e-416b-8fe9-05143627253d,We only entered Syria and Iraq after Assad's civil war had caused the group that calls itself Islamic State to begin attacking the West (and after the war had produced a terrible refugee exodus).,"{""None"":false,""Economic"":false,""Morality"":false,""Health_Safety"":false,""Legality_Crime"":false,""Public_Opinion"":false,""Security_Defense"":true,""Cultural_Identity"":false,""Fairness_Equality"":false,""Political_Policies"":false}",2025-06-17 00:30:38.399725+00,2025-06-17 00:30:38.401632+00,Session3
438,cc7b937d-459e-416b-8fe9-05143627253d,"In the early 1980s, after a particularly bloody terrorist attack on French and American forces in Lebanon, France's tolerance for military casualties seemed much higher than that of the United States.","{""None"":false,""Economic"":false,""Morality"":false,""Health_Safety"":false,""Legality_Crime"":false,""Public_Opinion"":false,""Security_Defense"":true,""Cultural_Identity"":false,""Fairness_Equality"":false,""Political_Policies"":false}",2025-06-17 00:30:47.595414+00,2025-06-17 00:30:47.58897+00,Session3
439,cc7b937d-459e-416b-8fe9-05143627253d,"'So, Conservatives, if you wouldn't mind pushing Harper aside so we can pretend all this secrecy and wedge politics stuff was all solely because of him, that'd be great.'","{""None"":false,""Economic"":false,""Morality"":false,""Health_Safety"":false,""Legality_Crime"":false,""Public_Opinion"":false,""Security_Defense"":false,""Cultural_Identity"":false,""Fairness_Equality"":false,""Political_Policies"":true}",2025-06-17 00:30:54.455973+00,2025-06-17 00:30:54.462095+00,Session3
440,cc7b937d-459e-416b-8fe9-05143627253d,Peter MacKay used a rent-a-dog for his 'Belinda dumped me and don't I just look ever so sad and melancholy?',"{""None"":true,""Economic"":false,""Morality"":false,""Health_Safety"":false,""Legality_Crime"":false,""Public_Opinion"":false,""Security_Defense"":false,""Cultural_Identity"":false,""Fairness_Equality"":false,""Political_Policies"":false}",2025-06-17 00:30:59.957515+00,2025-06-17 00:30:59.958256+00,Session3
441,cc7b937d-459e-416b-8fe9-05143627253d,"Manning of course is part of the political establishment, his trade is stabbing grassroots activists in the back, and thats what he's talking about here.","{""None"":false,""Economic"":false,""Morality"":false,""Health_Safety"":false,""Legality_Crime"":false,""Public_Opinion"":false,""Security_Defense"":false,""Cultural_Identity"":false,""Fairness_Equality"":false,""Political_Policies"":true}",2025-06-17 00:31:06.512953+00,2025-06-17 00:31:06.505019+00,Session3
442,cc7b937d-459e-416b-8fe9-05143627253d,"About a third (34 per cent) oppose the move either strongly or somewhat.Attitudes in the United States, meanwhile, are starkly different.","{""None"":false,""Economic"":false,""Morality"":false,""Health_Safety"":false,""Legality_Crime"":false,""Public_Opinion"":true,""Security_Defense"":false,""Cultural_Identity"":false,""Fairness_Equality"":false,""Political_Policies"":false}",2025-06-17 00:31:12.766363+00,2025-06-17 00:31:12.755538+00,Session3
443,cc7b937d-459e-416b-8fe9-05143627253d,Although....I do agree with the international community about the Islamic State stopping this barbarism and do something noteworthy/noble like taking back & returning OCCUPIED PALESTINE.,"{""None"":false,""Economic"":false,""Morality"":false,""Health_Safety"":false,""Legality_Crime"":false,""Public_Opinion"":false,""Security_Defense"":true,""Cultural_Identity"":false,""Fairness_Equality"":true,""Political_Policies"":false}",2025-06-17 00:31:41.070237+00,2025-06-17 00:31:41.057152+00,Session3
444,cc7b937d-459e-416b-8fe9-05143627253d,"Snyder is a strong proponent of the bridge, but alas, his republican pals appear to have been bought off by the existing bride's owner.","{""None"":false,""Economic"":true,""Morality"":false,""Health_Safety"":false,""Legality_Crime"":false,""Public_Opinion"":false,""Security_Defense"":false,""Cultural_Identity"":false,""Fairness_Equality"":false,""Political_Policies"":true}",2025-06-17 00:31:58.620826+00,2025-06-17 00:31:58.614885+00,Session3
445,cc7b937d-459e-416b-8fe9-05143627253d,Everything she is saying in this article is true about the general political trends up to the point where she talks about herself .,"{""None"":false,""Economic"":false,""Morality"":false,""Health_Safety"":false,""Legality_Crime"":false,""Public_Opinion"":false,""Security_Defense"":false,""Cultural_Identity"":false,""Fairness_Equality"":false,""Political_Policies"":true}",2025-06-17 00:32:22.386797+00,2025-06-17 00:32:22.386345+00,Session3
446,cc7b937d-459e-416b-8fe9-05143627253d,"Inequality will grow exponentially, and the last tatters of the social safety net will be torn down and swept away.","{""None"":false,""Economic"":false,""Morality"":false,""Health_Safety"":false,""Legality_Crime"":false,""Public_Opinion"":false,""Security_Defense"":false,""Cultural_Identity"":false,""Fairness_Equality"":true,""Political_Policies"":false}",2025-06-17 00:32:26.320303+00,2025-06-17 00:32:26.314436+00,Session3
447,cc7b937d-459e-416b-8fe9-05143627253d,and learn the nature of the respondents to this ' Win prizes for filling out our Poll' poll that the Globe writers would have us believe represent Canadian's views on C-51.,"{""None"":false,""Economic"":false,""Morality"":false,""Health_Safety"":false,""Legality_Crime"":false,""Public_Opinion"":true,""Security_Defense"":false,""Cultural_Identity"":false,""Fairness_Equality"":false,""Political_Policies"":false}",2025-06-17 00:32:35.823027+00,2025-06-17 00:32:35.82648+00,Session3
448,cc7b937d-459e-416b-8fe9-05143627253d,"Their efforts should be, if they are true to their principles, focused on the God-forsakennightmare Canada has become under Harper.","{""None"":false,""Economic"":false,""Morality"":false,""Health_Safety"":false,""Legality_Crime"":false,""Public_Opinion"":false,""Security_Defense"":false,""Cultural_Identity"":false,""Fairness_Equality"":false,""Political_Policies"":true}",2025-06-17 00:32:45.007083+00,2025-06-17 00:32:45.006115+00,Session3
449,cc7b937d-459e-416b-8fe9-05143627253d,"He wrote that his age was giving him a hard time, but he wasn't complaining; he said his heart and lungs were 'paying him back' for what he did to them - 'smoking with assiduity.'","{""None"":false,""Economic"":false,""Morality"":false,""Health_Safety"":true,""Legality_Crime"":false,""Public_Opinion"":false,""Security_Defense"":false,""Cultural_Identity"":false,""Fairness_Equality"":false,""Political_Policies"":false}",2025-06-17 00:32:52.166949+00,2025-06-17 00:32:52.161332+00,Session3
450,cc7b937d-459e-416b-8fe9-05143627253d,"Youth today have grown up in a world where a big chunk of their lives is experienced online and whatever happens online is amplified, permanent, and publically scrutinized.","{""None"":false,""Economic"":false,""Morality"":false,""Health_Safety"":false,""Legality_Crime"":false,""Public_Opinion"":false,""Security_Defense"":false,""Cultural_Identity"":true,""Fairness_Equality"":false,""Political_Policies"":false}",2025-06-17 00:33:13.215012+00,2025-06-17 00:33:13.217058+00,Session3
451,cc7b937d-459e-416b-8fe9-05143627253d,It was designed to allow native youth to gather and tell stories about themselves and their community in a variety of different media.,"{""None"":true,""Economic"":false,""Morality"":false,""Health_Safety"":false,""Legality_Crime"":false,""Public_Opinion"":false,""Security_Defense"":false,""Cultural_Identity"":false,""Fairness_Equality"":false,""Political_Policies"":false}",2025-06-17 00:34:54.596994+00,2025-06-17 00:34:54.594029+00,Session3
452,cc7b937d-459e-416b-8fe9-05143627253d,"I, for one, don't consider myself an atheist, or a Christian, for that matter, and these prayers have always seemed utterly out of place and even hypocritical to me, especially considering what so often takes place during the following meetings.","{""None"":true,""Economic"":false,""Morality"":false,""Health_Safety"":false,""Legality_Crime"":false,""Public_Opinion"":false,""Security_Defense"":false,""Cultural_Identity"":false,""Fairness_Equality"":false,""Political_Policies"":false}",2025-06-17 00:35:18.661644+00,2025-06-17 00:35:18.652325+00,Session3
453,cc7b937d-459e-416b-8fe9-05143627253d,"Thus it is not surprising that both quote (or should I say, misquote) the same Koranic passages as justification for their views.","{""None"":false,""Economic"":false,""Morality"":false,""Health_Safety"":false,""Legality_Crime"":false,""Public_Opinion"":false,""Security_Defense"":false,""Cultural_Identity"":false,""Fairness_Equality"":true,""Political_Policies"":false}",2025-06-17 00:35:36.323424+00,2025-06-17 00:35:36.305848+00,Session3
454,cc7b937d-459e-416b-8fe9-05143627253d,"10 years from now, nobody outside of an undergrad who doesn't know any better is going to use this book as an historical reference.","{""None"":true,""Economic"":false,""Morality"":false,""Health_Safety"":false,""Legality_Crime"":false,""Public_Opinion"":false,""Security_Defense"":false,""Cultural_Identity"":false,""Fairness_Equality"":false,""Political_Policies"":false}",2025-06-17 00:35:52.3481+00,2025-06-17 00:35:52.334651+00,Session3
455,cc7b937d-459e-416b-8fe9-05143627253d,So if someone had said in 1948 Canada needs more people that same person could now point to a massive population increase in a little over sixty years.,"{""None"":false,""Economic"":false,""Morality"":false,""Health_Safety"":false,""Legality_Crime"":false,""Public_Opinion"":false,""Security_Defense"":false,""Cultural_Identity"":true,""Fairness_Equality"":false,""Political_Policies"":false}",2025-06-17 00:36:11.417579+00,2025-06-17 00:36:11.408378+00,Session3
456,cc7b937d-459e-416b-8fe9-05143627253d,"At the time, statistically, it was projected that persons with disabilities would probably live 25 to 30 years post disability.","{""None"":false,""Economic"":false,""Morality"":false,""Health_Safety"":true,""Legality_Crime"":false,""Public_Opinion"":true,""Security_Defense"":false,""Cultural_Identity"":false,""Fairness_Equality"":false,""Political_Policies"":false}",2025-06-17 00:36:42.034262+00,2025-06-17 00:36:42.027536+00,Session3
457,cc7b937d-459e-416b-8fe9-05143627253d,"If we thought his support of the birther movement was bad, wait until this election is over and assuming he loses watch what will happen to his brand.","{""None"":false,""Economic"":false,""Morality"":false,""Health_Safety"":false,""Legality_Crime"":false,""Public_Opinion"":false,""Security_Defense"":false,""Cultural_Identity"":false,""Fairness_Equality"":false,""Political_Policies"":true}",2025-06-17 00:36:49.125753+00,2025-06-17 00:36:49.113472+00,Session3
458,cc7b937d-459e-416b-8fe9-05143627253d,If I insist on covering there will be an overwhelming negative response; probably around 80% of the population will object.,"{""None"":false,""Economic"":false,""Morality"":false,""Health_Safety"":false,""Legality_Crime"":false,""Public_Opinion"":true,""Security_Defense"":false,""Cultural_Identity"":false,""Fairness_Equality"":false,""Political_Policies"":false}",2025-06-17 00:36:54.670405+00,2025-06-17 00:36:54.657328+00,Session3
459,cc7b937d-459e-416b-8fe9-05143627253d,"Signs that say ' Idle No More ', protest rallies, blocked highways and railroads, drum beating while chanting ' this land is my land, this land is our land' or the revised version of O Canada.","{""None"":false,""Economic"":false,""Morality"":false,""Health_Safety"":false,""Legality_Crime"":false,""Public_Opinion"":false,""Security_Defense"":false,""Cultural_Identity"":true,""Fairness_Equality"":false,""Political_Policies"":false}",2025-06-17 00:37:12.63332+00,2025-06-17 00:37:12.614861+00,Session3
460,cc7b937d-459e-416b-8fe9-05143627253d,There should be independant patient advocates employed by the province in each hospital who know the system and whom the patents or their family can turn to.,"{""None"":false,""Economic"":false,""Morality"":false,""Health_Safety"":true,""Legality_Crime"":false,""Public_Opinion"":false,""Security_Defense"":false,""Cultural_Identity"":false,""Fairness_Equality"":false,""Political_Policies"":false}",2025-06-17 00:37:22.632443+00,2025-06-17 00:37:22.612597+00,Session3
461,cc7b937d-459e-416b-8fe9-05143627253d,"Here's some better science-based journalism on ebola transmission for anyone who's interested in the West Africa outbreak: http://www.npr.org/blogs/goatsandsoda/2014/08/28/343734184/ebola-is-rapidly-mutating-as-it-spreads-across-west-africaThat 'bush meat' story is bunk, and this whole 'nothing to fear' mantra is a load of hogwash.","{""None"":false,""Economic"":false,""Morality"":false,""Health_Safety"":true,""Legality_Crime"":false,""Public_Opinion"":false,""Security_Defense"":false,""Cultural_Identity"":false,""Fairness_Equality"":false,""Political_Policies"":false}",2025-06-17 00:37:32.189677+00,2025-06-17 00:37:32.180385+00,Session3
462,cc7b937d-459e-416b-8fe9-05143627253d,The health care ayatollahs seem to believe in evidence based medicine as long as it is not too expensive... and don't believe in a evidence based health care system.,"{""None"":false,""Economic"":false,""Morality"":false,""Health_Safety"":true,""Legality_Crime"":false,""Public_Opinion"":false,""Security_Defense"":false,""Cultural_Identity"":false,""Fairness_Equality"":false,""Political_Policies"":false}",2025-06-17 00:37:36.968088+00,2025-06-17 00:37:36.955527+00,Session3
463,cc7b937d-459e-416b-8fe9-05143627253d,"Then, his former spokesman, Alykhan Velshi forced CBSA to create fictitious evidence of terrorism against George Galloway to prevent him from entering Canada.","{""None"":false,""Economic"":false,""Morality"":false,""Health_Safety"":false,""Legality_Crime"":false,""Public_Opinion"":false,""Security_Defense"":true,""Cultural_Identity"":false,""Fairness_Equality"":false,""Political_Policies"":false}",2025-06-17 00:37:43.959383+00,2025-06-17 00:37:43.944737+00,Session3
464,cc7b937d-459e-416b-8fe9-05143627253d,"Court rulings change the rules of the game, forcing ministers to scramble to adjust.Worse, polls consistently show - as they certainly do now - that doing a lot more for aboriginals isn't very popular with the majority of Canadians.","{""None"":false,""Economic"":false,""Morality"":false,""Health_Safety"":false,""Legality_Crime"":true,""Public_Opinion"":true,""Security_Defense"":false,""Cultural_Identity"":false,""Fairness_Equality"":false,""Political_Policies"":false}",2025-06-17 00:37:53.484229+00,2025-06-17 00:37:53.470083+00,Session3
465,cc7b937d-459e-416b-8fe9-05143627253d,I understand that there are serious studies being done on the outcome of head injuries sustained by players in their career.,"{""None"":false,""Economic"":false,""Morality"":false,""Health_Safety"":true,""Legality_Crime"":false,""Public_Opinion"":false,""Security_Defense"":false,""Cultural_Identity"":false,""Fairness_Equality"":false,""Political_Policies"":false}",2025-06-17 00:38:00.45353+00,2025-06-17 00:38:00.433829+00,Session3
466,cc7b937d-459e-416b-8fe9-05143627253d,Suddenly there is a threat being deemed as 'terrorist' on Global's Morning show targeting woman and feminists at U of T..with death.,"{""None"":false,""Economic"":false,""Morality"":false,""Health_Safety"":false,""Legality_Crime"":false,""Public_Opinion"":false,""Security_Defense"":true,""Cultural_Identity"":false,""Fairness_Equality"":false,""Political_Policies"":false}",2025-06-17 00:38:56.847046+00,2025-06-17 00:38:56.844778+00,Session3
467,cc7b937d-459e-416b-8fe9-05143627253d,"My brilliant doctor went to a symposium on weight loss and came back saying that as far as he could tell, it was an almost impossible task.","{""None"":false,""Economic"":false,""Morality"":false,""Health_Safety"":true,""Legality_Crime"":false,""Public_Opinion"":false,""Security_Defense"":false,""Cultural_Identity"":false,""Fairness_Equality"":false,""Political_Policies"":false}",2025-06-17 00:39:06.325776+00,2025-06-17 00:39:06.30131+00,Session3
468,cc7b937d-459e-416b-8fe9-05143627253d,There may be a more pressing federal 'aboriginal issue' - the long standing dismal health of our First Nations peoples which shows up in dreadful life expectations compared to other Canadians.,"{""None"":false,""Economic"":false,""Morality"":false,""Health_Safety"":true,""Legality_Crime"":false,""Public_Opinion"":false,""Security_Defense"":false,""Cultural_Identity"":false,""Fairness_Equality"":false,""Political_Policies"":false}",2025-06-17 00:39:14.593486+00,2025-06-17 00:39:14.570886+00,Session3
469,cc7b937d-459e-416b-8fe9-05143627253d,G&M is tasked to distract us from the fact that Harper is dragging the country into a war and thus exposing his people to the immediate security threats from the terrorists.,"{""None"":false,""Economic"":false,""Morality"":false,""Health_Safety"":false,""Legality_Crime"":false,""Public_Opinion"":false,""Security_Defense"":true,""Cultural_Identity"":false,""Fairness_Equality"":false,""Political_Policies"":false}",2025-06-17 00:39:23.289873+00,2025-06-17 00:39:23.266416+00,Session3
470,cc7b937d-459e-416b-8fe9-05143627253d,"Gender bias within the school system, whether it is done consciously or unconsciously, has become an issue and boys are being increasingly disadvantaged.","{""None"":false,""Economic"":false,""Morality"":false,""Health_Safety"":false,""Legality_Crime"":false,""Public_Opinion"":false,""Security_Defense"":false,""Cultural_Identity"":false,""Fairness_Equality"":true,""Political_Policies"":false}",2025-06-17 00:39:28.016407+00,2025-06-17 00:39:27.995522+00,Session3
471,cc7b937d-459e-416b-8fe9-05143627253d,"'Unlike Canada, Sweden doesn't select for skills, education or the potential to succeed'LOL, what a load of XXXX Canada's policies are racially biased.","{""None"":false,""Economic"":false,""Morality"":false,""Health_Safety"":false,""Legality_Crime"":false,""Public_Opinion"":false,""Security_Defense"":false,""Cultural_Identity"":false,""Fairness_Equality"":true,""Political_Policies"":false}",2025-06-17 00:39:56.413263+00,2025-06-17 00:39:56.382076+00,Session3
472,cc7b937d-459e-416b-8fe9-05143627253d,"If we appoint people based on gender then the appointed people will always be viewed as less competent then the other workers as they didn't earn it, it was given to them.","{""None"":false,""Economic"":false,""Morality"":false,""Health_Safety"":false,""Legality_Crime"":false,""Public_Opinion"":false,""Security_Defense"":false,""Cultural_Identity"":false,""Fairness_Equality"":true,""Political_Policies"":false}",2025-06-17 00:40:01.940712+00,2025-06-17 00:40:01.931244+00,Session3
473,cc7b937d-459e-416b-8fe9-05143627253d,"' Bush has been widely praised for his response to Katrina, in contrast with the criticism his brother, George W. Bush, faced as president in addressing the disaster.","{""None"":false,""Economic"":false,""Morality"":false,""Health_Safety"":false,""Legality_Crime"":false,""Public_Opinion"":false,""Security_Defense"":false,""Cultural_Identity"":false,""Fairness_Equality"":false,""Political_Policies"":true}",2025-06-17 00:40:07.936676+00,2025-06-17 00:40:07.913506+00,Session3
474,cc7b937d-459e-416b-8fe9-05143627253d,")To put a total quota of 37,000 tonnes of cheese into perspective: In 2009 there were 35,500 tonnes of skim milk powder sitting in storage, unused.","{""None"":false,""Economic"":false,""Morality"":false,""Health_Safety"":false,""Legality_Crime"":false,""Public_Opinion"":true,""Security_Defense"":false,""Cultural_Identity"":false,""Fairness_Equality"":false,""Political_Policies"":false}",2025-06-17 00:40:15.981884+00,2025-06-17 00:40:15.960459+00,Session3
475,cc7b937d-459e-416b-8fe9-05143627253d,I always find it unfair that when the church is criticized people will go back centuries in order to find some hypocritical moment.,"{""None"":false,""Economic"":false,""Morality"":false,""Health_Safety"":false,""Legality_Crime"":false,""Public_Opinion"":false,""Security_Defense"":false,""Cultural_Identity"":false,""Fairness_Equality"":true,""Political_Policies"":false}",2025-06-17 00:40:28.080145+00,2025-06-17 00:40:28.065103+00,Session3
476,cc7b937d-459e-416b-8fe9-05143627253d,Mackay's legacy is not as a terminator of one conservative party and a builder of another; it is as the person responsible for the harper regime that has plagued this country for the past decade.,"{""None"":false,""Economic"":false,""Morality"":false,""Health_Safety"":false,""Legality_Crime"":false,""Public_Opinion"":false,""Security_Defense"":false,""Cultural_Identity"":false,""Fairness_Equality"":false,""Political_Policies"":true}",2025-06-17 00:40:35.777054+00,2025-06-17 00:40:35.814364+00,Session3
477,cc7b937d-459e-416b-8fe9-05143627253d,Perhaps our immigrant friends might consider that you came here to join a new society not import your old one.,"{""None"":false,""Economic"":false,""Morality"":false,""Health_Safety"":false,""Legality_Crime"":false,""Public_Opinion"":false,""Security_Defense"":false,""Cultural_Identity"":true,""Fairness_Equality"":false,""Political_Policies"":false}",2025-06-17 00:45:15.055234+00,2025-06-17 00:45:15.027058+00,Session3
478,cc7b937d-459e-416b-8fe9-05143627253d,"Nearly two-thirds, or 65 per cent of Canadians, said a nationwide referendum should definitely (37 per cent) or probably (28 per cent) be held on any changes to the electoral system.","{""None"":false,""Economic"":false,""Morality"":false,""Health_Safety"":false,""Legality_Crime"":false,""Public_Opinion"":true,""Security_Defense"":false,""Cultural_Identity"":false,""Fairness_Equality"":false,""Political_Policies"":false}",2025-06-17 00:45:19.857711+00,2025-06-17 00:45:19.827765+00,Session3
479,cc7b937d-459e-416b-8fe9-05143627253d,A fact: 86% Canadians are living in provinces that have priced carbon through a tax or cap and trade or are about to.An Angus Read poll from August 2015: 75% of Canadians support Cap and Trade nationally.,"{""None"":false,""Economic"":true,""Morality"":false,""Health_Safety"":false,""Legality_Crime"":false,""Public_Opinion"":true,""Security_Defense"":false,""Cultural_Identity"":false,""Fairness_Equality"":false,""Political_Policies"":false}",2025-06-17 00:45:31.298319+00,2025-06-17 00:45:31.259394+00,Session3
480,cc7b937d-459e-416b-8fe9-05143627253d,(Additional reporting by Pavel Polityuk in Kiev and Zlata Garasyuta in Moscow Writing by Andrew Osborn; Editing by Larry King),"{""None"":true,""Economic"":false,""Morality"":false,""Health_Safety"":false,""Legality_Crime"":false,""Public_Opinion"":false,""Security_Defense"":false,""Cultural_Identity"":false,""Fairness_Equality"":false,""Political_Policies"":false}",2025-06-17 00:45:35.010577+00,2025-06-17 00:45:34.979723+00,Session3
481,cc7b937d-459e-416b-8fe9-05143627253d,"The Koch Brothers and Rupert Murdoch gave America the Tea Party and enabled their takeover of the Republican party and their reckless, obstructionist brinkmanship in Congress.. Now their chickens have come home to roost.","{""None"":false,""Economic"":false,""Morality"":false,""Health_Safety"":false,""Legality_Crime"":false,""Public_Opinion"":false,""Security_Defense"":false,""Cultural_Identity"":false,""Fairness_Equality"":false,""Political_Policies"":true}",2025-06-17 00:45:48.190181+00,2025-06-17 00:45:48.159186+00,Session3
482,cc7b937d-459e-416b-8fe9-05143627253d,If we were a political party (rather than business persons) subjected to FOI by our critics we could have been roasted.,"{""None"":false,""Economic"":false,""Morality"":false,""Health_Safety"":false,""Legality_Crime"":false,""Public_Opinion"":false,""Security_Defense"":false,""Cultural_Identity"":false,""Fairness_Equality"":false,""Political_Policies"":true}",2025-06-17 00:45:53.035963+00,2025-06-17 00:45:53.007895+00,Session3
483,cc7b937d-459e-416b-8fe9-05143627253d,"In summation: 'When it comes to belief systems, for this one time I?m with the guy who quotes Dante, and is worried about the inferno here on Earth.'","{""None"":true,""Economic"":false,""Morality"":false,""Health_Safety"":false,""Legality_Crime"":false,""Public_Opinion"":false,""Security_Defense"":false,""Cultural_Identity"":false,""Fairness_Equality"":false,""Political_Policies"":false}",2025-06-17 00:45:59.756086+00,2025-06-17 00:45:59.73323+00,Session3
484,cc7b937d-459e-416b-8fe9-05143627253d,"[...]Today's conservatives, and their party, have been remarkably successful at raising money, imposing discipline, attacking adversaries, controlling messages, lowering taxes while spreading government spending into every corner of the country, and dominating the public agenda.[...","{""None"":false,""Economic"":false,""Morality"":false,""Health_Safety"":false,""Legality_Crime"":false,""Public_Opinion"":false,""Security_Defense"":false,""Cultural_Identity"":false,""Fairness_Equality"":false,""Political_Policies"":true}",2025-06-17 00:46:54.692434+00,2025-06-17 00:46:54.666427+00,Session3
485,cc7b937d-459e-416b-8fe9-05143627253d,"A top Uber executive privately urged digging up dirt on journalists critical of the company.Citing security concerns and bylaw violations, Toronto is seeking a court injunction to stop Uber from operating.","{""None"":false,""Economic"":false,""Morality"":false,""Health_Safety"":false,""Legality_Crime"":true,""Public_Opinion"":false,""Security_Defense"":false,""Cultural_Identity"":false,""Fairness_Equality"":false,""Political_Policies"":false}",2025-06-17 00:47:06.86224+00,2025-06-17 00:47:06.827561+00,Session3
486,cc7b937d-459e-416b-8fe9-05143627253d,"It might also be added that we should not take too much comfort from the fact that the trends in question have not advanced as much in Canada as in the US and some other major, advanced and modern societies.","{""None"":false,""Economic"":false,""Morality"":false,""Health_Safety"":false,""Legality_Crime"":false,""Public_Opinion"":false,""Security_Defense"":false,""Cultural_Identity"":true,""Fairness_Equality"":false,""Political_Policies"":false}",2025-06-17 00:47:14.950769+00,2025-06-17 00:47:14.908188+00,Session3
487,cc7b937d-459e-416b-8fe9-05143627253d,Ghomeshi-gate: a bad day for everyoneWhen a public figure allows his personal life to interfere with business life he opens the door for all kinds of moral recriminations.,"{""None"":false,""Economic"":false,""Morality"":true,""Health_Safety"":false,""Legality_Crime"":false,""Public_Opinion"":false,""Security_Defense"":false,""Cultural_Identity"":false,""Fairness_Equality"":false,""Political_Policies"":false}",2025-06-17 00:47:23.039336+00,2025-06-17 00:47:23.003091+00,Session3
488,cc7b937d-459e-416b-8fe9-05143627253d,It's only a matter of time before the way in which Canadians frame their understanding of our world is through an entirely American lens.,"{""None"":false,""Economic"":false,""Morality"":false,""Health_Safety"":false,""Legality_Crime"":false,""Public_Opinion"":false,""Security_Defense"":false,""Cultural_Identity"":true,""Fairness_Equality"":false,""Political_Policies"":false}",2025-06-17 00:47:30.123976+00,2025-06-17 00:47:30.094268+00,Session3
489,cc7b937d-459e-416b-8fe9-05143627253d,"There is no friend anywhere 7:11 AM on July 16, 2013 : 'Lawrence Martin is now 'special to the Globe and Mail'.","{""None"":true,""Economic"":false,""Morality"":false,""Health_Safety"":false,""Legality_Crime"":false,""Public_Opinion"":false,""Security_Defense"":false,""Cultural_Identity"":false,""Fairness_Equality"":false,""Political_Policies"":false}",2025-06-17 00:47:35.056897+00,2025-06-17 00:47:35.027104+00,Session3
490,cc7b937d-459e-416b-8fe9-05143627253d,"In 1913, the year before the Great War started and an era of globalization and confidence ended, the booming Dominion of Canada, with a population of fewer than eight million people, welcomed 400,000 immigrants.","{""None"":false,""Economic"":false,""Morality"":false,""Health_Safety"":false,""Legality_Crime"":false,""Public_Opinion"":false,""Security_Defense"":false,""Cultural_Identity"":true,""Fairness_Equality"":false,""Political_Policies"":false}",2025-06-17 00:47:46.302424+00,2025-06-17 00:47:46.271509+00,Session3
491,cc7b937d-459e-416b-8fe9-05143627253d,Libya is ruled by elements of al Qaeda and ISIS and there is a massive amount of military hardware missing.,"{""None"":false,""Economic"":false,""Morality"":false,""Health_Safety"":false,""Legality_Crime"":false,""Public_Opinion"":false,""Security_Defense"":true,""Cultural_Identity"":false,""Fairness_Equality"":false,""Political_Policies"":false}",2025-06-17 00:48:21.173747+00,2025-06-17 00:48:18.106573+00,Session3
492,cc7b937d-459e-416b-8fe9-05143627253d,"It's no different than crime; you don't reduce crime by arresting more people and throwing them in jail (as some believe), you do it by attacking the problems that lead to crime in the first place.","{""None"":false,""Economic"":false,""Morality"":false,""Health_Safety"":false,""Legality_Crime"":true,""Public_Opinion"":false,""Security_Defense"":false,""Cultural_Identity"":false,""Fairness_Equality"":false,""Political_Policies"":false}",2025-06-17 00:48:26.863832+00,2025-06-17 00:48:19.264597+00,Session3
493,cc7b937d-459e-416b-8fe9-05143627253d,"By throwing out its moral compass and disregarding international law, the 'Do as I Say, Not as I Do' policy implemented by Western nations have set a low bar that others will stoop to match.","{""None"":false,""Economic"":false,""Morality"":true,""Health_Safety"":false,""Legality_Crime"":false,""Public_Opinion"":false,""Security_Defense"":false,""Cultural_Identity"":false,""Fairness_Equality"":false,""Political_Policies"":false}",2025-06-17 00:48:33.073658+00,2025-06-17 00:48:33.048709+00,Session3
494,cc7b937d-459e-416b-8fe9-05143627253d,Also how much more debt can the federal government and especially the provinces incur before the one expenditure that soars past medicare will be servicing the debt.,"{""None"":false,""Economic"":true,""Morality"":false,""Health_Safety"":false,""Legality_Crime"":false,""Public_Opinion"":false,""Security_Defense"":false,""Cultural_Identity"":false,""Fairness_Equality"":false,""Political_Policies"":false}",2025-06-17 00:48:38.723685+00,2025-06-17 00:48:38.691196+00,Session3
495,cc7b937d-459e-416b-8fe9-05143627253d,"So now I have a unilateral increase in my costs that my competitors in New York, Mexico and Quebec do not have.","{""None"":false,""Economic"":true,""Morality"":false,""Health_Safety"":false,""Legality_Crime"":false,""Public_Opinion"":false,""Security_Defense"":false,""Cultural_Identity"":false,""Fairness_Equality"":false,""Political_Policies"":false}",2025-06-17 00:48:45.332592+00,2025-06-17 00:48:45.298573+00,Session3
496,cc7b937d-459e-416b-8fe9-05143627253d,Today is the day we learn in America that some are more equal than others and the law is no longer equally applied.,"{""None"":false,""Economic"":false,""Morality"":false,""Health_Safety"":false,""Legality_Crime"":false,""Public_Opinion"":false,""Security_Defense"":false,""Cultural_Identity"":false,""Fairness_Equality"":true,""Political_Policies"":false}",2025-06-17 00:48:52.022674+00,2025-06-17 00:48:51.986263+00,Session3
497,cc7b937d-459e-416b-8fe9-05143627253d,Not a Quebecer but I suspect that the majority of Quebecers just want to be themselves and flourish in their language and culture.,"{""None"":false,""Economic"":false,""Morality"":false,""Health_Safety"":false,""Legality_Crime"":false,""Public_Opinion"":false,""Security_Defense"":false,""Cultural_Identity"":true,""Fairness_Equality"":false,""Political_Policies"":false}",2025-06-17 00:48:57.777876+00,2025-06-17 00:48:57.732777+00,Session3
498,cc7b937d-459e-416b-8fe9-05143627253d,"Exposure to war can cause distress, but this is not necessarily synonymous with psychiatric illness.Indeed, the finest war journalists, the ones who have done this work for decades, usually understand that war leaves its mark on them.","{""None"":false,""Economic"":false,""Morality"":false,""Health_Safety"":true,""Legality_Crime"":false,""Public_Opinion"":false,""Security_Defense"":false,""Cultural_Identity"":false,""Fairness_Equality"":false,""Political_Policies"":false}",2025-06-17 00:49:04.160714+00,2025-06-17 00:49:04.125368+00,Session3
499,cc7b937d-459e-416b-8fe9-05143627253d,"If this is indeed a new industry as Christie Clark would have us believe, develop a measure to assess where it lies on the continuum between the two and place the capital cost allowance there!","{""None"":false,""Economic"":true,""Morality"":false,""Health_Safety"":false,""Legality_Crime"":false,""Public_Opinion"":false,""Security_Defense"":false,""Cultural_Identity"":false,""Fairness_Equality"":false,""Political_Policies"":false}",2025-06-17 00:49:13.335627+00,2025-06-17 00:49:13.303347+00,Session3
500,cc7b937d-459e-416b-8fe9-05143627253d,Do we feel any sense of moral depravity that we are still having disputes with FNs' over land and rights?,"{""None"":false,""Economic"":false,""Morality"":true,""Health_Safety"":false,""Legality_Crime"":false,""Public_Opinion"":false,""Security_Defense"":false,""Cultural_Identity"":false,""Fairness_Equality"":false,""Political_Policies"":false}",2025-06-17 00:49:17.902043+00,2025-06-17 00:49:17.866899+00,Session3
501,cc7b937d-459e-416b-8fe9-05143627253d,I guess the G and M have decided to save money on writers by having Lieberal bagmen write OP ed's?,"{""None"":false,""Economic"":true,""Morality"":false,""Health_Safety"":false,""Legality_Crime"":false,""Public_Opinion"":false,""Security_Defense"":false,""Cultural_Identity"":false,""Fairness_Equality"":false,""Political_Policies"":false}",2025-06-17 00:49:30.590014+00,2025-06-17 00:49:30.560812+00,Session3
502,cc7b937d-459e-416b-8fe9-05143627253d,"If a family owed, with a growing debt, 39% of the gross family income, not as a mortgage, but as credit card debt, most bankers would stamp a rejection.","{""None"":false,""Economic"":true,""Morality"":false,""Health_Safety"":false,""Legality_Crime"":false,""Public_Opinion"":false,""Security_Defense"":false,""Cultural_Identity"":false,""Fairness_Equality"":false,""Political_Policies"":false}",2025-06-17 00:49:35.2123+00,2025-06-17 00:49:35.179631+00,Session3
503,cc7b937d-459e-416b-8fe9-05143627253d,"'I bled internally all night,' he said.The broken bone sliced through veins and arteries, cutting off circulation to the lower part of the limb.","{""None"":false,""Economic"":false,""Morality"":false,""Health_Safety"":true,""Legality_Crime"":false,""Public_Opinion"":false,""Security_Defense"":false,""Cultural_Identity"":false,""Fairness_Equality"":false,""Political_Policies"":false}",2025-06-17 00:49:39.291352+00,2025-06-17 00:49:39.249162+00,Session3
504,cc7b937d-459e-416b-8fe9-05143627253d,"Given that I wouldn't vote for Harper with a gun to my head, I'm not very good at judging the efficacy of this advice.","{""None"":false,""Economic"":false,""Morality"":false,""Health_Safety"":false,""Legality_Crime"":false,""Public_Opinion"":false,""Security_Defense"":false,""Cultural_Identity"":false,""Fairness_Equality"":false,""Political_Policies"":true}",2025-06-17 00:50:35.77663+00,2025-06-17 00:50:35.747475+00,Session3
505,cc7b937d-459e-416b-8fe9-05143627253d,"Our indigenous population has no doubt suffered horrendously, but all one needs to do is look at the current state of the Canadian economy to understand the cost of our colonial based system.","{""None"":false,""Economic"":true,""Morality"":false,""Health_Safety"":false,""Legality_Crime"":false,""Public_Opinion"":false,""Security_Defense"":false,""Cultural_Identity"":false,""Fairness_Equality"":false,""Political_Policies"":false}",2025-06-17 00:50:49.311841+00,2025-06-17 00:50:49.281493+00,Session3
506,cc7b937d-459e-416b-8fe9-05143627253d,"And yet, when one looks more closely at those immigrant groups that experience the most difficulty in integrating, much less assimilating into Canadian society, one finds that many come from muslim or African societies.","{""None"":false,""Economic"":false,""Morality"":false,""Health_Safety"":false,""Legality_Crime"":false,""Public_Opinion"":false,""Security_Defense"":false,""Cultural_Identity"":true,""Fairness_Equality"":false,""Political_Policies"":false}",2025-06-17 00:50:57.824245+00,2025-06-17 00:50:57.778248+00,Session3
507,cc7b937d-459e-416b-8fe9-05143627253d,No kidding G+M .....are you just waking up from a 6 year slumber to that which rest of us with a brain in our head knew since 2006???,"{""None"":true,""Economic"":false,""Morality"":false,""Health_Safety"":false,""Legality_Crime"":false,""Public_Opinion"":false,""Security_Defense"":false,""Cultural_Identity"":false,""Fairness_Equality"":false,""Political_Policies"":false}",2025-06-17 00:51:04.943809+00,2025-06-17 00:51:04.910168+00,Session3
508,cc7b937d-459e-416b-8fe9-05143627253d,"My power rates keep going up ,but Ontario is actually selling power at discount rates and in some cases paying the USA to take the power .","{""None"":false,""Economic"":true,""Morality"":false,""Health_Safety"":false,""Legality_Crime"":false,""Public_Opinion"":false,""Security_Defense"":false,""Cultural_Identity"":false,""Fairness_Equality"":false,""Political_Policies"":false}",2025-06-17 00:51:11.196909+00,2025-06-17 00:51:11.157906+00,Session3
509,cc7b937d-459e-416b-8fe9-05143627253d,"As for those that point out the results of the UN sponsored poll showing climate change in last place on the world's concerns - well, that easy to understand.","{""None"":false,""Economic"":false,""Morality"":false,""Health_Safety"":false,""Legality_Crime"":false,""Public_Opinion"":true,""Security_Defense"":false,""Cultural_Identity"":false,""Fairness_Equality"":false,""Political_Policies"":false}",2025-06-17 00:51:17.073339+00,2025-06-17 00:51:17.031551+00,Session3
510,cc7b937d-459e-416b-8fe9-05143627253d,"I once saw them coming out of the Dorchester Hotel, arm in arm, and they stopped to look at a huge anti-austerity rally under way across the road in Hyde Park.","{""None"":true,""Economic"":false,""Morality"":false,""Health_Safety"":false,""Legality_Crime"":false,""Public_Opinion"":false,""Security_Defense"":false,""Cultural_Identity"":false,""Fairness_Equality"":false,""Political_Policies"":false}",2025-06-17 00:51:25.916946+00,2025-06-17 00:51:25.883628+00,Session3
511,cc7b937d-459e-416b-8fe9-05143627253d,Parties that hope to govern in this country all have their core supporters on either side of the political spectrum and then chase as many votes in the middle as they can.,"{""None"":false,""Economic"":false,""Morality"":false,""Health_Safety"":false,""Legality_Crime"":false,""Public_Opinion"":false,""Security_Defense"":false,""Cultural_Identity"":false,""Fairness_Equality"":false,""Political_Policies"":true}",2025-06-17 00:51:31.661341+00,2025-06-17 00:51:31.628487+00,Session3
512,cc7b937d-459e-416b-8fe9-05143627253d,"Not good, not effective, not fair not to the nationals who welcome them, not to the desperate or not so desperate migrants.","{""None"":false,""Economic"":false,""Morality"":false,""Health_Safety"":false,""Legality_Crime"":false,""Public_Opinion"":false,""Security_Defense"":false,""Cultural_Identity"":false,""Fairness_Equality"":true,""Political_Policies"":false}",2025-06-17 00:51:47.314005+00,2025-06-17 00:51:47.275997+00,Session3
513,cc7b937d-459e-416b-8fe9-05143627253d,I had thought that there was a very small number of people who had bought into the anti vaxxer philosophy.,"{""None"":false,""Economic"":false,""Morality"":false,""Health_Safety"":false,""Legality_Crime"":false,""Public_Opinion"":true,""Security_Defense"":false,""Cultural_Identity"":false,""Fairness_Equality"":false,""Political_Policies"":false}",2025-06-17 00:52:01.246252+00,2025-06-17 00:52:01.207177+00,Session3
514,cc7b937d-459e-416b-8fe9-05143627253d,"Militaries do not enforce domestic criminal laws, otherwise the US military will be targeting unending terrorist enemies ranging from the Unabomber, to Montana militias, to anti-abortion militants, to environmental activists, to students putting pipe bombs in schoolyards, etc.","{""None"":false,""Economic"":false,""Morality"":false,""Health_Safety"":false,""Legality_Crime"":true,""Public_Opinion"":false,""Security_Defense"":true,""Cultural_Identity"":false,""Fairness_Equality"":false,""Political_Policies"":false}",2025-06-17 00:52:21.588003+00,2025-06-17 00:52:21.550849+00,Session3
515,cc7b937d-459e-416b-8fe9-05143627253d,From one Hamiltonian to another... bye-bye Andrea... don't let the door hit you in that shapely tush on the way out...,"{""None"":true,""Economic"":false,""Morality"":false,""Health_Safety"":false,""Legality_Crime"":false,""Public_Opinion"":false,""Security_Defense"":false,""Cultural_Identity"":false,""Fairness_Equality"":false,""Political_Policies"":false}",2025-06-17 00:52:25.185713+00,2025-06-17 00:52:25.139629+00,Session3
516,cc7b937d-459e-416b-8fe9-05143627253d,"'The margin of error for a random survey of 1,000 Canadians is plus or minus 3.1 percentage points, 19 times out of 20.'","{""None"":false,""Economic"":false,""Morality"":false,""Health_Safety"":false,""Legality_Crime"":false,""Public_Opinion"":true,""Security_Defense"":false,""Cultural_Identity"":false,""Fairness_Equality"":false,""Political_Policies"":false}",2025-06-17 00:52:29.41868+00,2025-06-17 00:52:29.369438+00,Session3
517,cc7b937d-459e-416b-8fe9-05143627253d,"Does Canada set up hundreds of 'sanctuary' cities or counties or even provinces where these illegal immigrants can commit crimes including rape and murder with little or no consequences, where local politicians protect them?","{""None"":false,""Economic"":false,""Morality"":false,""Health_Safety"":false,""Legality_Crime"":true,""Public_Opinion"":false,""Security_Defense"":false,""Cultural_Identity"":false,""Fairness_Equality"":false,""Political_Policies"":false}",2025-06-17 00:52:37.033478+00,2025-06-17 00:52:36.989017+00,Session3
518,cc7b937d-459e-416b-8fe9-05143627253d,"A cure for serious mental illnesses like schizophrenia, depression, autism, Alzheimer's disease and related diseases of human brains will never be found unless institutions like CAMH began to base scientific methodology under all research into these biological brain diseases.","{""None"":false,""Economic"":false,""Morality"":false,""Health_Safety"":true,""Legality_Crime"":false,""Public_Opinion"":false,""Security_Defense"":false,""Cultural_Identity"":false,""Fairness_Equality"":false,""Political_Policies"":false}",2025-06-17 00:52:44.702698+00,2025-06-17 00:52:44.654099+00,Session3
519,cc7b937d-459e-416b-8fe9-05143627253d,"It would be interesting to know how many of the European men set aside their country (First Nation) wives, partners when the 'real' wife arrived in Canada from the GB.","{""None"":false,""Economic"":false,""Morality"":false,""Health_Safety"":false,""Legality_Crime"":false,""Public_Opinion"":false,""Security_Defense"":false,""Cultural_Identity"":true,""Fairness_Equality"":false,""Political_Policies"":false}",2025-06-17 00:53:01.150849+00,2025-06-17 00:53:01.130107+00,Session3
520,cc7b937d-459e-416b-8fe9-05143627253d,"All people are equal under the law and there shall be no discrimination in political, economic or social relations because of race, creed, sex, social status, or family origin.","{""None"":false,""Economic"":false,""Morality"":false,""Health_Safety"":false,""Legality_Crime"":false,""Public_Opinion"":false,""Security_Defense"":false,""Cultural_Identity"":false,""Fairness_Equality"":true,""Political_Policies"":false}",2025-06-17 00:53:06.987324+00,2025-06-17 00:53:06.94665+00,Session3
521,cc7b937d-459e-416b-8fe9-05143627253d,"Just as the US moved to eliminate Soviet missile threat on Cuba, Russia is moving pre-emptively to eliminate potential NATO missile threat in Ukraine.","{""None"":false,""Economic"":false,""Morality"":false,""Health_Safety"":false,""Legality_Crime"":false,""Public_Opinion"":false,""Security_Defense"":true,""Cultural_Identity"":false,""Fairness_Equality"":false,""Political_Policies"":false}",2025-06-17 00:53:17.782501+00,2025-06-17 00:53:17.739498+00,Session3
522,cc7b937d-459e-416b-8fe9-05143627253d,we had the same problem in the 1970s with the RCMP security service opening mail and listening to telephone conversations illegally.,"{""None"":false,""Economic"":false,""Morality"":false,""Health_Safety"":false,""Legality_Crime"":true,""Public_Opinion"":false,""Security_Defense"":true,""Cultural_Identity"":false,""Fairness_Equality"":false,""Political_Policies"":false}",2025-06-17 00:53:25.791318+00,2025-06-17 00:53:25.750106+00,Session3
523,cc7b937d-459e-416b-8fe9-05143627253d,"It will be a major deal for them and even if they don't find a thing, there will be a news release that will state that Supreme Court Justice X is under investigation.","{""None"":false,""Economic"":false,""Morality"":false,""Health_Safety"":false,""Legality_Crime"":true,""Public_Opinion"":false,""Security_Defense"":false,""Cultural_Identity"":false,""Fairness_Equality"":false,""Political_Policies"":false}",2025-06-17 00:53:33.350839+00,2025-06-17 00:53:33.306262+00,Session3
524,cc7b937d-459e-416b-8fe9-05143627253d,"When I broached the subject with my local MP, James Bezan of Selkirk Interlake--he was indignant that I would offer criticism-his view is that all federal scientists must fall into line with the party line from the PMO.","{""None"":false,""Economic"":false,""Morality"":false,""Health_Safety"":false,""Legality_Crime"":false,""Public_Opinion"":false,""Security_Defense"":false,""Cultural_Identity"":false,""Fairness_Equality"":false,""Political_Policies"":true}",2025-06-17 00:53:43.799282+00,2025-06-17 00:53:43.761229+00,Session3
525,cc7b937d-459e-416b-8fe9-05143627253d,"Why do people say hijab-wearing women are oppressed bcs they are either overtly forced or oppressed, BUT, women tottering around on stiletto heels are not.","{""None"":false,""Economic"":false,""Morality"":false,""Health_Safety"":false,""Legality_Crime"":false,""Public_Opinion"":false,""Security_Defense"":false,""Cultural_Identity"":false,""Fairness_Equality"":true,""Political_Policies"":false}",2025-06-17 00:54:36.601413+00,2025-06-17 00:54:36.557574+00,Session3
526,cc7b937d-459e-416b-8fe9-05143627253d,"Last year, the head of the Swedish military created considerable controversy when he publicly stated that Sweden could not defend itself against a foreign attack.","{""None"":false,""Economic"":false,""Morality"":false,""Health_Safety"":false,""Legality_Crime"":false,""Public_Opinion"":false,""Security_Defense"":true,""Cultural_Identity"":false,""Fairness_Equality"":false,""Political_Policies"":false}",2025-06-17 00:54:43.440685+00,2025-06-17 00:54:43.403325+00,Session3
527,cc7b937d-459e-416b-8fe9-05143627253d,"Although it's not really possible to recreate the reality of mental illness, raising the awareness of the difficulty of nighttime is a good step, I think, for promoting empathy and understanding.","{""None"":false,""Economic"":false,""Morality"":false,""Health_Safety"":true,""Legality_Crime"":false,""Public_Opinion"":false,""Security_Defense"":false,""Cultural_Identity"":false,""Fairness_Equality"":false,""Political_Policies"":false}",2025-06-17 00:54:48.803502+00,2025-06-17 00:54:48.765345+00,Session3
528,cc7b937d-459e-416b-8fe9-05143627253d,What makes my blood boil is the fact that the Ford family gets away with drug abuse and hanging around with known criminal drug dealers.,"{""None"":false,""Economic"":false,""Morality"":false,""Health_Safety"":false,""Legality_Crime"":true,""Public_Opinion"":false,""Security_Defense"":false,""Cultural_Identity"":false,""Fairness_Equality"":false,""Political_Policies"":false}",2025-06-17 00:54:54.959903+00,2025-06-17 00:54:54.921027+00,Session3
529,cc7b937d-459e-416b-8fe9-05143627253d,"Ariel Sharon had it right, get out of Gaza and West Bank, let these idiots blow each other up, and build a big wall/electric fence border.","{""None"":false,""Economic"":false,""Morality"":false,""Health_Safety"":false,""Legality_Crime"":false,""Public_Opinion"":false,""Security_Defense"":true,""Cultural_Identity"":false,""Fairness_Equality"":false,""Political_Policies"":false}",2025-06-17 00:55:02.14405+00,2025-06-17 00:55:02.107703+00,Session3
530,cc7b937d-459e-416b-8fe9-05143627253d,"So to avoid a split on the right, she joined a party she says was becoming more like the NDP???!!","{""None"":false,""Economic"":false,""Morality"":false,""Health_Safety"":false,""Legality_Crime"":false,""Public_Opinion"":false,""Security_Defense"":false,""Cultural_Identity"":false,""Fairness_Equality"":false,""Political_Policies"":true}",2025-06-17 00:55:06.404299+00,2025-06-17 00:55:06.357862+00,Session3
531,cc7b937d-459e-416b-8fe9-05143627253d,"Canada needs surface ships, submarines, and air surveillance and intercept capability (satellites, drones, and human-flown planes) for all our sea borders.","{""None"":false,""Economic"":false,""Morality"":false,""Health_Safety"":false,""Legality_Crime"":false,""Public_Opinion"":false,""Security_Defense"":true,""Cultural_Identity"":false,""Fairness_Equality"":false,""Political_Policies"":false}",2025-06-17 00:55:21.62635+00,2025-06-17 00:55:21.5864+00,Session3
532,cc7b937d-459e-416b-8fe9-05143627253d,"The machinist's complaints don't fit the permissible victimhood narrative, journalistic objectivity and fair play be damned: we just know he's really an intolerant, xenophobic, secret racist.","{""None"":false,""Economic"":false,""Morality"":false,""Health_Safety"":false,""Legality_Crime"":false,""Public_Opinion"":false,""Security_Defense"":false,""Cultural_Identity"":false,""Fairness_Equality"":true,""Political_Policies"":false}",2025-06-17 00:55:30.667144+00,2025-06-17 00:55:30.623627+00,Session3
533,cc7b937d-459e-416b-8fe9-05143627253d,Harper's decision to have a lengthy election campaign so that Conservative attack ads could do their work while Trudeau would supposedly make mistakes instead gave Trudeau the advantage of time to build momentum to defeat Mr.,"{""None"":false,""Economic"":false,""Morality"":false,""Health_Safety"":false,""Legality_Crime"":false,""Public_Opinion"":false,""Security_Defense"":false,""Cultural_Identity"":false,""Fairness_Equality"":false,""Political_Policies"":true}",2025-06-17 00:55:40.602409+00,2025-06-17 00:55:40.569771+00,Session3
534,cc7b937d-459e-416b-8fe9-05143627253d,Unless of course he wants to the US to make Canadians get a visa to go to the US.And another thing is certain.,"{""None"":true,""Economic"":false,""Morality"":false,""Health_Safety"":false,""Legality_Crime"":false,""Public_Opinion"":false,""Security_Defense"":false,""Cultural_Identity"":false,""Fairness_Equality"":false,""Political_Policies"":false}",2025-06-17 00:55:47.008066+00,2025-06-17 00:55:46.961+00,Session3
535,cc7b937d-459e-416b-8fe9-05143627253d,"When he was turned away by the police, he went to rob a fast food place - in order to be charged with a crime!","{""None"":false,""Economic"":false,""Morality"":false,""Health_Safety"":false,""Legality_Crime"":true,""Public_Opinion"":false,""Security_Defense"":false,""Cultural_Identity"":false,""Fairness_Equality"":false,""Political_Policies"":false}",2025-06-17 00:55:51.959758+00,2025-06-17 00:55:51.917587+00,Session3
536,cc7b937d-459e-416b-8fe9-05143627253d,Romney played the business man card (even though he was born into money) McCain played the veteran card and Sarah Palin played the Joker....,"{""None"":true,""Economic"":false,""Morality"":false,""Health_Safety"":false,""Legality_Crime"":false,""Public_Opinion"":false,""Security_Defense"":false,""Cultural_Identity"":false,""Fairness_Equality"":false,""Political_Policies"":false}",2025-06-17 00:55:58.225916+00,2025-06-17 00:55:58.185369+00,Session3
537,cc7b937d-459e-416b-8fe9-05143627253d,"Toronto can see where this is going, despite 'only' fifty two murders last year, of which I believe thirty two were gun related.","{""None"":false,""Economic"":false,""Morality"":false,""Health_Safety"":false,""Legality_Crime"":true,""Public_Opinion"":false,""Security_Defense"":false,""Cultural_Identity"":false,""Fairness_Equality"":false,""Political_Policies"":false}",2025-06-17 00:56:04.241908+00,2025-06-17 00:56:04.206685+00,Session3
538,cc7b937d-459e-416b-8fe9-05143627253d,Native culture will not be 'assimilated' any more than any immigrant culture has been; they're all thriving within the rubric of Canada.,"{""None"":false,""Economic"":false,""Morality"":false,""Health_Safety"":false,""Legality_Crime"":false,""Public_Opinion"":false,""Security_Defense"":false,""Cultural_Identity"":true,""Fairness_Equality"":false,""Political_Policies"":false}",2025-06-17 00:56:14.126319+00,2025-06-17 00:56:14.094892+00,Session3
539,cc7b937d-459e-416b-8fe9-05143627253d,"My personal opinion, which might be wrong, is that many of the listed causes of suicide -- colonization, residential schools, unemployment, physical or sexual abuse -- are causes because they have inflicted severe damage on native families.","{""None"":false,""Economic"":false,""Morality"":false,""Health_Safety"":false,""Legality_Crime"":false,""Public_Opinion"":false,""Security_Defense"":false,""Cultural_Identity"":true,""Fairness_Equality"":false,""Political_Policies"":false}",2025-06-17 00:56:29.98073+00,2025-06-17 00:56:29.929084+00,Session3
540,cc7b937d-459e-416b-8fe9-05143627253d,Most police forces have long had dash-mounted cameras in police cruisers - and putting cameras on officers' lapels is merely a logical extension of the cameras in officers' cars.,"{""None"":true,""Economic"":false,""Morality"":false,""Health_Safety"":false,""Legality_Crime"":false,""Public_Opinion"":false,""Security_Defense"":false,""Cultural_Identity"":false,""Fairness_Equality"":false,""Political_Policies"":false}",2025-06-17 00:57:08.43606+00,2025-06-17 00:57:08.388112+00,Session3
541,cc7b937d-459e-416b-8fe9-05143627253d,"This is the bizarre but very common idea that all european countries, or countries of european origin, like Canada, have have a moral duty and an inevitable destiny to make themselves into 'diverse', 'multicultural' hodge podges.","{""None"":false,""Economic"":false,""Morality"":true,""Health_Safety"":false,""Legality_Crime"":false,""Public_Opinion"":false,""Security_Defense"":false,""Cultural_Identity"":false,""Fairness_Equality"":false,""Political_Policies"":false}",2025-06-17 00:57:16.577927+00,2025-06-17 00:57:16.534896+00,Session3
542,cc7b937d-459e-416b-8fe9-05143627253d,The reality is that over 80 percent of Canadians held the same view as Harper on the niqab-citizenship ceremony preferences.,"{""None"":false,""Economic"":false,""Morality"":false,""Health_Safety"":false,""Legality_Crime"":false,""Public_Opinion"":true,""Security_Defense"":false,""Cultural_Identity"":false,""Fairness_Equality"":false,""Political_Policies"":false}",2025-06-17 00:57:22.543902+00,2025-06-17 00:57:22.505097+00,Session3
543,cc7b937d-459e-416b-8fe9-05143627253d,"I have to think that if the City of Toronto was serious about shutting Uber down, a few applications of civil forfeiture law against Uber drivers would establish precedent that the risks outweigh the rewards for participating.","{""None"":false,""Economic"":false,""Morality"":false,""Health_Safety"":false,""Legality_Crime"":true,""Public_Opinion"":false,""Security_Defense"":false,""Cultural_Identity"":false,""Fairness_Equality"":false,""Political_Policies"":false}",2025-06-17 00:57:29.373963+00,2025-06-17 00:57:29.347133+00,Session3
544,cc7b937d-459e-416b-8fe9-05143627253d,Among the protesting groups are a small number that have access to military level weapons and are willing to use them.,"{""None"":false,""Economic"":false,""Morality"":false,""Health_Safety"":false,""Legality_Crime"":false,""Public_Opinion"":false,""Security_Defense"":true,""Cultural_Identity"":false,""Fairness_Equality"":false,""Political_Policies"":false}",2025-06-17 00:57:36.003368+00,2025-06-17 00:57:35.974416+00,Session3
545,cc7b937d-459e-416b-8fe9-05143627253d,It seems to me that for folks such as she--who are clear thinking and whose medical situation is only going to get worse and not resolve--the option for doctor-assisted suicide should be available.,"{""None"":false,""Economic"":false,""Morality"":false,""Health_Safety"":true,""Legality_Crime"":false,""Public_Opinion"":false,""Security_Defense"":false,""Cultural_Identity"":false,""Fairness_Equality"":false,""Political_Policies"":false}",2025-06-17 00:57:43.702112+00,2025-06-17 00:57:43.674069+00,Session3
546,cc7b937d-459e-416b-8fe9-05143627253d,"I believe it was George Grant, or perhaps Tommy Douglas, who said that Americans had gone straight from barbarism to prosperity without any intermediate form of development in between.","{""None"":false,""Economic"":false,""Morality"":false,""Health_Safety"":false,""Legality_Crime"":false,""Public_Opinion"":false,""Security_Defense"":false,""Cultural_Identity"":true,""Fairness_Equality"":false,""Political_Policies"":false}",2025-06-17 00:57:59.165752+00,2025-06-17 00:57:59.135267+00,Session3
547,cc7b937d-459e-416b-8fe9-05143627253d,"So the Globe and Mail believes that an RCMP investigation into the multiple Senate scandals would be 'excessive, given there is no indication of criminal wrongdoing.'","{""None"":false,""Economic"":false,""Morality"":false,""Health_Safety"":false,""Legality_Crime"":true,""Public_Opinion"":false,""Security_Defense"":false,""Cultural_Identity"":false,""Fairness_Equality"":false,""Political_Policies"":false}",2025-06-17 00:59:23.890949+00,2025-06-17 00:59:23.882801+00,Session3
548,cc7b937d-459e-416b-8fe9-05143627253d,Likewise it was not an exodus from Europe for a huge population of 'old stock' in Western Canada when Eastern Europeans were lured to settle the west with a contractual agreement of free land.,"{""None"":false,""Economic"":false,""Morality"":false,""Health_Safety"":false,""Legality_Crime"":false,""Public_Opinion"":false,""Security_Defense"":false,""Cultural_Identity"":true,""Fairness_Equality"":false,""Political_Policies"":false}",2025-06-17 00:59:31.88846+00,2025-06-17 00:59:31.856271+00,Session3
549,cc7b937d-459e-416b-8fe9-05143627253d,"Where I live, I see huge homes all around me worth almost one million dollars each, with expensive cars in the driveway.","{""None"":false,""Economic"":true,""Morality"":false,""Health_Safety"":false,""Legality_Crime"":false,""Public_Opinion"":false,""Security_Defense"":false,""Cultural_Identity"":false,""Fairness_Equality"":false,""Political_Policies"":false}",2025-06-17 00:59:38.046066+00,2025-06-17 00:59:38.01922+00,Session3
550,cc7b937d-459e-416b-8fe9-05143627253d,Canadians do not get to pick and choose whether to treat LGBT people fairly based on their personal value judgments.,"{""None"":false,""Economic"":false,""Morality"":false,""Health_Safety"":false,""Legality_Crime"":false,""Public_Opinion"":false,""Security_Defense"":false,""Cultural_Identity"":false,""Fairness_Equality"":true,""Political_Policies"":false}",2025-06-17 00:59:43.085635+00,2025-06-17 00:59:43.071354+00,Session3
551,cc7b937d-459e-416b-8fe9-05143627253d,"Based on independent studies, each large wind turbine kills about 8 birds per month or about 100 birds per year.","{""None"":false,""Economic"":false,""Morality"":false,""Health_Safety"":false,""Legality_Crime"":false,""Public_Opinion"":true,""Security_Defense"":false,""Cultural_Identity"":false,""Fairness_Equality"":false,""Political_Policies"":false}",2025-06-17 00:59:50.239785+00,2025-06-17 00:59:50.214432+00,Session3
552,cc7b937d-459e-416b-8fe9-05143627253d,"Now, Canadian music nearly dominates the North American scene; or, at the very least, its power is vastly disproportionate to the country's size.","{""None"":false,""Economic"":false,""Morality"":false,""Health_Safety"":false,""Legality_Crime"":false,""Public_Opinion"":false,""Security_Defense"":false,""Cultural_Identity"":true,""Fairness_Equality"":false,""Political_Policies"":false}",2025-06-17 00:59:57.206927+00,2025-06-17 00:59:57.191573+00,Session3
553,cc7b937d-459e-416b-8fe9-05143627253d,"As long as senators are members of parliamentary party caucuses that include members of the Commons, there is a real prospect of fundamental conflict between their conventional duty and their caucus duty.","{""None"":false,""Economic"":false,""Morality"":false,""Health_Safety"":false,""Legality_Crime"":false,""Public_Opinion"":false,""Security_Defense"":false,""Cultural_Identity"":false,""Fairness_Equality"":false,""Political_Policies"":true}",2025-06-17 01:00:04.043765+00,2025-06-17 01:00:04.027931+00,Session3
554,cc7b937d-459e-416b-8fe9-05143627253d,"At the same time, however, a recent Forum Research poll shows only 13 per cent of Canadians believe this country currently accepts too few immigrants.","{""None"":false,""Economic"":false,""Morality"":false,""Health_Safety"":false,""Legality_Crime"":false,""Public_Opinion"":true,""Security_Defense"":false,""Cultural_Identity"":false,""Fairness_Equality"":false,""Political_Policies"":false}",2025-06-17 01:00:08.912771+00,2025-06-17 01:00:08.893047+00,Session3
555,cc7b937d-459e-416b-8fe9-05143627253d,We can assist Iraq in developing a force that might have the balls to actually fight ISIS at their request.,"{""None"":false,""Economic"":false,""Morality"":false,""Health_Safety"":false,""Legality_Crime"":false,""Public_Opinion"":false,""Security_Defense"":true,""Cultural_Identity"":false,""Fairness_Equality"":false,""Political_Policies"":false}",2025-06-17 01:00:12.974622+00,2025-06-17 01:00:12.964374+00,Session3
556,cc7b937d-459e-416b-8fe9-05143627253d,"And as for the 'cultural spinoff,' where is that, when there is zero Canadian content and the Canadian cities where the films are shot have to be disguised as American cities?","{""None"":false,""Economic"":false,""Morality"":false,""Health_Safety"":false,""Legality_Crime"":false,""Public_Opinion"":false,""Security_Defense"":false,""Cultural_Identity"":true,""Fairness_Equality"":false,""Political_Policies"":false}",2025-06-17 01:00:20.086356+00,2025-06-17 01:00:20.079572+00,Session3
557,cc7b937d-459e-416b-8fe9-05143627253d,"Also, could someone please point out where the right to marry - for anyone - appears in either the Charter in the US Constitution?","{""None"":false,""Economic"":false,""Morality"":false,""Health_Safety"":false,""Legality_Crime"":false,""Public_Opinion"":false,""Security_Defense"":false,""Cultural_Identity"":false,""Fairness_Equality"":true,""Political_Policies"":false}",2025-06-17 01:00:26.695401+00,2025-06-17 01:00:26.68614+00,Session3
558,cc7b937d-459e-416b-8fe9-05143627253d,"And Harper is the most partisan PM we have ever had, and to every government body he can wield that club.","{""None"":false,""Economic"":false,""Morality"":false,""Health_Safety"":false,""Legality_Crime"":false,""Public_Opinion"":false,""Security_Defense"":false,""Cultural_Identity"":false,""Fairness_Equality"":false,""Political_Policies"":true}",2025-06-17 01:00:32.632689+00,2025-06-17 01:00:32.618198+00,Session3
559,cc7b937d-459e-416b-8fe9-05143627253d,"It encapsulated the history of the North-West Rebellion, Louis Riel and the very reason 19,000 francophones still live in Saskatchewan.","{""None"":false,""Economic"":false,""Morality"":false,""Health_Safety"":false,""Legality_Crime"":false,""Public_Opinion"":false,""Security_Defense"":false,""Cultural_Identity"":true,""Fairness_Equality"":false,""Political_Policies"":false}",2025-06-17 01:00:39.090984+00,2025-06-17 01:00:39.07377+00,Session3
560,cc7b937d-459e-416b-8fe9-05143627253d,"As with the Saudi arms deal, the moral arguments will loom large, even though they're pretty much beside the point.","{""None"":false,""Economic"":false,""Morality"":true,""Health_Safety"":false,""Legality_Crime"":false,""Public_Opinion"":false,""Security_Defense"":false,""Cultural_Identity"":false,""Fairness_Equality"":false,""Political_Policies"":false}",2025-06-17 01:00:44.930656+00,2025-06-17 01:00:44.914909+00,Session3
561,cc7b937d-459e-416b-8fe9-05143627253d,The current process of lumping people into groups and treating these groups of people differently from one another is ridiculous as well as being racist and sexist.,"{""None"":false,""Economic"":false,""Morality"":false,""Health_Safety"":false,""Legality_Crime"":false,""Public_Opinion"":false,""Security_Defense"":false,""Cultural_Identity"":false,""Fairness_Equality"":true,""Political_Policies"":false}",2025-06-17 01:00:51.378727+00,2025-06-17 01:00:51.373113+00,Session3
562,cc7b937d-459e-416b-8fe9-05143627253d,Not only will it make the profession safer but it would also help to alleviate some of the stigma behind prostitution.,"{""None"":false,""Economic"":false,""Morality"":false,""Health_Safety"":false,""Legality_Crime"":false,""Public_Opinion"":false,""Security_Defense"":false,""Cultural_Identity"":false,""Fairness_Equality"":true,""Political_Policies"":false}",2025-06-17 01:01:00.93549+00,2025-06-17 01:01:00.921512+00,Session3
563,cc7b937d-459e-416b-8fe9-05143627253d,"I am totally against racism and hate the rhetoric coming to us from south of the border, but this is a bit much.","{""None"":false,""Economic"":false,""Morality"":false,""Health_Safety"":false,""Legality_Crime"":false,""Public_Opinion"":false,""Security_Defense"":false,""Cultural_Identity"":false,""Fairness_Equality"":true,""Political_Policies"":false}",2025-06-17 01:01:04.739635+00,2025-06-17 01:01:04.727999+00,Session3
564,cc7b937d-459e-416b-8fe9-05143627253d,We have seen an increase from a dozen identifiable ethnic enclaves three decades ago to over one hundred and fourty today.,"{""None"":false,""Economic"":false,""Morality"":false,""Health_Safety"":false,""Legality_Crime"":false,""Public_Opinion"":true,""Security_Defense"":false,""Cultural_Identity"":true,""Fairness_Equality"":false,""Political_Policies"":false}",2025-06-17 01:01:19.363881+00,2025-06-17 01:01:19.343105+00,Session3
565,1a5e3c90-2e3e-4452-91f7-7c2f7f386a70,"A perfunctory examination of the Israel trip, which is all the mainstream media has so far provided us with, would obviously lead to the conclusion among many, that the trip was a purely political attempt to win over Jewish voters.","{""None"":false,""Economic"":false,""Morality"":false,""Health_Safety"":false,""Legality_Crime"":false,""Public_Opinion"":false,""Security_Defense"":false,""Cultural_Identity"":false,""Fairness_Equality"":false,""Political_Policies"":true}",2025-06-17 01:15:45.043726+00,2025-06-17 01:15:45.069311+00,Session3
566,1a5e3c90-2e3e-4452-91f7-7c2f7f386a70,"With political and economic elites in a symbiotic union, this renders Mr. Tamblyn's points about a majority of climate changes believers and their political influence, moot.","{""None"":false,""Economic"":false,""Morality"":false,""Health_Safety"":false,""Legality_Crime"":false,""Public_Opinion"":false,""Security_Defense"":false,""Cultural_Identity"":false,""Fairness_Equality"":false,""Political_Policies"":true}",2025-06-17 01:15:56.225402+00,2025-06-17 01:15:56.243118+00,Session3
567,1a5e3c90-2e3e-4452-91f7-7c2f7f386a70,And polls like that beg the question - are people answering honestly or answering with what they believe is the 'correct' response.,"{""None"":false,""Economic"":false,""Morality"":false,""Health_Safety"":false,""Legality_Crime"":false,""Public_Opinion"":true,""Security_Defense"":false,""Cultural_Identity"":false,""Fairness_Equality"":false,""Political_Policies"":false}",2025-06-17 01:16:00.795956+00,2025-06-17 01:16:00.816315+00,Session3
568,1a5e3c90-2e3e-4452-91f7-7c2f7f386a70,However I don't think it is realistic to expect that if you live in a remote community you will have the same health care as someone living in a city.,"{""None"":false,""Economic"":false,""Morality"":false,""Health_Safety"":true,""Legality_Crime"":false,""Public_Opinion"":false,""Security_Defense"":false,""Cultural_Identity"":false,""Fairness_Equality"":false,""Political_Policies"":false}",2025-06-17 01:16:07.883413+00,2025-06-17 01:16:07.911545+00,Session3
569,1a5e3c90-2e3e-4452-91f7-7c2f7f386a70,... no 50 plus one is fine as long as that 50 plus one signs up on a petition and explicitly gives up their citizenship .... can't see how else it could work.,"{""None"":false,""Economic"":false,""Morality"":false,""Health_Safety"":false,""Legality_Crime"":false,""Public_Opinion"":false,""Security_Defense"":false,""Cultural_Identity"":true,""Fairness_Equality"":false,""Political_Policies"":false}",2025-06-17 01:16:31.700829+00,2025-06-17 01:16:31.724418+00,Session3
570,1a5e3c90-2e3e-4452-91f7-7c2f7f386a70,"How about good old physical intimidation:'5,000 signatures necessary to do this were gathered as part of a wider initiative to oust the YFS executives.","{""None"":false,""Economic"":false,""Morality"":false,""Health_Safety"":false,""Legality_Crime"":false,""Public_Opinion"":true,""Security_Defense"":false,""Cultural_Identity"":false,""Fairness_Equality"":false,""Political_Policies"":false}",2025-06-17 01:16:47.278847+00,2025-06-17 01:16:47.298596+00,Session3
571,1a5e3c90-2e3e-4452-91f7-7c2f7f386a70,Just because you meet someone in university?or anywhere else for that matter?doesn't necessarily mean the two of you are a good match for the long haul.),"{""None"":true,""Economic"":false,""Morality"":false,""Health_Safety"":false,""Legality_Crime"":false,""Public_Opinion"":false,""Security_Defense"":false,""Cultural_Identity"":false,""Fairness_Equality"":false,""Political_Policies"":false}",2025-06-17 01:16:52.178825+00,2025-06-17 01:16:52.201917+00,Session3
572,1a5e3c90-2e3e-4452-91f7-7c2f7f386a70,"It can be eaten, smoked, or consumed as a tea) is much safer than ultra-potent, lab-created pharma-junk powders & pills as it's less concentrated and is harder to fatally OD on.","{""None"":false,""Economic"":false,""Morality"":false,""Health_Safety"":true,""Legality_Crime"":false,""Public_Opinion"":false,""Security_Defense"":false,""Cultural_Identity"":false,""Fairness_Equality"":false,""Political_Policies"":false}",2025-06-17 01:16:58.610444+00,2025-06-17 01:16:58.634951+00,Session3
573,1a5e3c90-2e3e-4452-91f7-7c2f7f386a70,I am a 30 something young professional with a lovely partner (who I met at the geriatric age of 31).,"{""None"":true,""Economic"":false,""Morality"":false,""Health_Safety"":false,""Legality_Crime"":false,""Public_Opinion"":false,""Security_Defense"":false,""Cultural_Identity"":false,""Fairness_Equality"":false,""Political_Policies"":false}",2025-06-17 01:17:03.824757+00,2025-06-17 01:17:03.844851+00,Session3
574,1a5e3c90-2e3e-4452-91f7-7c2f7f386a70,"More often than not, these new treaties - negotiated by indigenous peoples because there are few other options - end up back in court because of a lack of implementation or the familiar misinterpretation.There are alternatives.","{""None"":false,""Economic"":false,""Morality"":false,""Health_Safety"":false,""Legality_Crime"":true,""Public_Opinion"":false,""Security_Defense"":false,""Cultural_Identity"":false,""Fairness_Equality"":false,""Political_Policies"":false}",2025-06-17 01:17:26.691329+00,2025-06-17 01:17:26.713556+00,Session3
575,1a5e3c90-2e3e-4452-91f7-7c2f7f386a70,"I got my first flu shot in 2009 and was immediately paralysed (wheelchair and full-body paralysis) with GBS, a known side-effect of the flu shot.","{""None"":false,""Economic"":false,""Morality"":false,""Health_Safety"":true,""Legality_Crime"":false,""Public_Opinion"":false,""Security_Defense"":false,""Cultural_Identity"":false,""Fairness_Equality"":false,""Political_Policies"":false}",2025-06-17 01:17:38.091978+00,2025-06-17 01:17:38.115571+00,Session3
576,1a5e3c90-2e3e-4452-91f7-7c2f7f386a70,Only a spiritual revival and a change of character can save the planet from the ravages of environmental destruction and humankind from technological excesses.,"{""None"":false,""Economic"":false,""Morality"":true,""Health_Safety"":false,""Legality_Crime"":false,""Public_Opinion"":false,""Security_Defense"":false,""Cultural_Identity"":false,""Fairness_Equality"":false,""Political_Policies"":false}",2025-06-17 01:18:04.563191+00,2025-06-17 01:17:47.436606+00,Session3
577,1a5e3c90-2e3e-4452-91f7-7c2f7f386a70,They all accurately predicted what would be the outcome and limitations of the national survey method - they were right.,"{""None"":false,""Economic"":false,""Morality"":false,""Health_Safety"":false,""Legality_Crime"":false,""Public_Opinion"":true,""Security_Defense"":false,""Cultural_Identity"":false,""Fairness_Equality"":false,""Political_Policies"":false}",2025-06-17 01:18:12.322163+00,2025-06-17 01:18:03.144849+00,Session3
578,1a5e3c90-2e3e-4452-91f7-7c2f7f386a70,After a year and a half it's fair to say Canada has done its bit and now can feel good about re-deploying our scanty resources to best use against Daesh.,"{""None"":false,""Economic"":false,""Morality"":false,""Health_Safety"":false,""Legality_Crime"":false,""Public_Opinion"":false,""Security_Defense"":true,""Cultural_Identity"":false,""Fairness_Equality"":false,""Political_Policies"":false}",2025-06-17 01:18:25.947044+00,2025-06-17 01:18:25.974215+00,Session3
579,1a5e3c90-2e3e-4452-91f7-7c2f7f386a70,"I can readily acknowledge the injustices visited by my grandparents on your grandparents, and pledge not to visit them on you.","{""None"":false,""Economic"":false,""Morality"":false,""Health_Safety"":false,""Legality_Crime"":false,""Public_Opinion"":false,""Security_Defense"":false,""Cultural_Identity"":false,""Fairness_Equality"":true,""Political_Policies"":false}",2025-06-17 01:18:30.653711+00,2025-06-17 01:18:30.683936+00,Session3
580,1a5e3c90-2e3e-4452-91f7-7c2f7f386a70,"They are the theological bedrock for one of the most popular contemporary movements: the American prosperity gospel.Millions of American Christians agree that faith brings health, wealth and victory.","{""None"":false,""Economic"":false,""Morality"":true,""Health_Safety"":false,""Legality_Crime"":false,""Public_Opinion"":false,""Security_Defense"":false,""Cultural_Identity"":false,""Fairness_Equality"":false,""Political_Policies"":false}",2025-06-17 01:18:52.479101+00,2025-06-17 01:18:52.494428+00,Session3
581,1a5e3c90-2e3e-4452-91f7-7c2f7f386a70,"If this is an example of Justin's decision making prowess, he doesn't deserve to have even a sniff of being PM.","{""None"":false,""Economic"":false,""Morality"":false,""Health_Safety"":false,""Legality_Crime"":false,""Public_Opinion"":false,""Security_Defense"":false,""Cultural_Identity"":false,""Fairness_Equality"":false,""Political_Policies"":true}",2025-06-17 01:18:59.782266+00,2025-06-17 01:18:59.803981+00,Session3
582,1a5e3c90-2e3e-4452-91f7-7c2f7f386a70,And if you immerse yourself in a never-ending flood of tragic hate stories without a more realistic goal your own mental health will be at serious risk.,"{""None"":false,""Economic"":false,""Morality"":false,""Health_Safety"":true,""Legality_Crime"":false,""Public_Opinion"":false,""Security_Defense"":false,""Cultural_Identity"":false,""Fairness_Equality"":false,""Political_Policies"":false}",2025-06-17 01:19:06.063918+00,2025-06-17 01:19:06.08833+00,Session3
583,1a5e3c90-2e3e-4452-91f7-7c2f7f386a70,"If you want services, you have to pay for them: ORYou can go out of the city and buy some farm land and PAY TO IMPROVE IT and be independent that way.","{""None"":false,""Economic"":true,""Morality"":false,""Health_Safety"":false,""Legality_Crime"":false,""Public_Opinion"":false,""Security_Defense"":false,""Cultural_Identity"":false,""Fairness_Equality"":false,""Political_Policies"":false}",2025-06-17 01:19:10.623096+00,2025-06-17 01:19:10.644849+00,Session3
584,1a5e3c90-2e3e-4452-91f7-7c2f7f386a70,It is interesting that suddenly the media is portraying almost every second comment as a 'dog whistle' that is really a call for discrimination against some group or other.,"{""None"":false,""Economic"":false,""Morality"":false,""Health_Safety"":false,""Legality_Crime"":false,""Public_Opinion"":false,""Security_Defense"":false,""Cultural_Identity"":false,""Fairness_Equality"":true,""Political_Policies"":false}",2025-06-17 01:19:17.253079+00,2025-06-17 01:19:17.276432+00,Session3
585,1a5e3c90-2e3e-4452-91f7-7c2f7f386a70,With teachers competence does not even matter as they must commit a crime and only then can you get rid of them.,"{""None"":false,""Economic"":false,""Morality"":false,""Health_Safety"":false,""Legality_Crime"":true,""Public_Opinion"":false,""Security_Defense"":false,""Cultural_Identity"":false,""Fairness_Equality"":false,""Political_Policies"":false}",2025-06-17 01:20:15.056586+00,2025-06-17 01:20:15.08993+00,Session3
586,1a5e3c90-2e3e-4452-91f7-7c2f7f386a70,"What I am opposed to is the hi-jacking of our traditional, long held views on morality and faith by activist, unelected judges and then the deliberate, intolerant efforts by self righteous, liberal fascists to forcibly silence any opposing views.","{""None"":false,""Economic"":false,""Morality"":true,""Health_Safety"":false,""Legality_Crime"":false,""Public_Opinion"":false,""Security_Defense"":false,""Cultural_Identity"":false,""Fairness_Equality"":false,""Political_Policies"":false}",2025-06-17 01:20:27.579934+00,2025-06-17 01:20:27.605109+00,Session3
587,1a5e3c90-2e3e-4452-91f7-7c2f7f386a70,"China, India and now the US will more than make up for any slight reductions our billions will pay for.","{""None"":false,""Economic"":true,""Morality"":false,""Health_Safety"":false,""Legality_Crime"":false,""Public_Opinion"":false,""Security_Defense"":false,""Cultural_Identity"":false,""Fairness_Equality"":false,""Political_Policies"":false}",2025-06-17 01:20:42.053264+00,2025-06-17 01:20:42.080319+00,Session3
588,1a5e3c90-2e3e-4452-91f7-7c2f7f386a70,"Even if some decide to stay away, access to and security for the site, and for heads of state, will pose severe challenges.","{""None"":false,""Economic"":false,""Morality"":false,""Health_Safety"":false,""Legality_Crime"":false,""Public_Opinion"":false,""Security_Defense"":true,""Cultural_Identity"":false,""Fairness_Equality"":false,""Political_Policies"":false}",2025-06-17 01:20:48.385155+00,2025-06-17 01:20:48.409059+00,Session3
589,1a5e3c90-2e3e-4452-91f7-7c2f7f386a70,"'The content, therefore, we consider it Asian-Canadian - but it's not pigeon-holed into any sort of tropes that would lend themselves to being identified as Asian.","{""None"":false,""Economic"":false,""Morality"":false,""Health_Safety"":false,""Legality_Crime"":false,""Public_Opinion"":false,""Security_Defense"":false,""Cultural_Identity"":true,""Fairness_Equality"":false,""Political_Policies"":false}",2025-06-17 01:20:54.602578+00,2025-06-17 01:20:54.624756+00,Session3
590,1a5e3c90-2e3e-4452-91f7-7c2f7f386a70,"I'll happily wager the UK economy will do very nicely thank you, and will also be on the sidelines when the whole European 'project' collapses, as it inevitably wil.","{""None"":false,""Economic"":true,""Morality"":false,""Health_Safety"":false,""Legality_Crime"":false,""Public_Opinion"":false,""Security_Defense"":false,""Cultural_Identity"":false,""Fairness_Equality"":false,""Political_Policies"":false}",2025-06-17 01:21:14.432047+00,2025-06-17 01:21:14.455326+00,Session3
591,1a5e3c90-2e3e-4452-91f7-7c2f7f386a70,Areas of concern are: ISIS members sneaking into Canada and performing acts of terrorism which will change our view of Muslims.,"{""None"":false,""Economic"":false,""Morality"":false,""Health_Safety"":false,""Legality_Crime"":false,""Public_Opinion"":false,""Security_Defense"":true,""Cultural_Identity"":false,""Fairness_Equality"":false,""Political_Policies"":false}",2025-06-17 01:21:19.603972+00,2025-06-17 01:21:19.634316+00,Session3
592,1a5e3c90-2e3e-4452-91f7-7c2f7f386a70,"Well, exactly what my Wife uses it for now every morning; the HoroscopeThe Globe and Mail supports Hudak.. Who cares..","{""None"":true,""Economic"":false,""Morality"":false,""Health_Safety"":false,""Legality_Crime"":false,""Public_Opinion"":false,""Security_Defense"":false,""Cultural_Identity"":false,""Fairness_Equality"":false,""Political_Policies"":false}",2025-06-17 01:21:29.072731+00,2025-06-17 01:21:29.116095+00,Session3
593,1a5e3c90-2e3e-4452-91f7-7c2f7f386a70,"By the article's own numbers, that $1 billion could have gone to funding a year's worth of all day kindergarten or the clean energy program or 2 years of tuition grants for students.","{""None"":false,""Economic"":true,""Morality"":false,""Health_Safety"":false,""Legality_Crime"":false,""Public_Opinion"":false,""Security_Defense"":false,""Cultural_Identity"":false,""Fairness_Equality"":false,""Political_Policies"":false}",2025-06-17 01:21:36.374638+00,2025-06-17 01:21:36.405894+00,Session3
594,1a5e3c90-2e3e-4452-91f7-7c2f7f386a70,"As for the supposed injustices done to anglophones in Qu?bec, I suggest asking ourselves what motivated governments to enact regulations that became 'supposed injustices.'","{""None"":false,""Economic"":false,""Morality"":false,""Health_Safety"":false,""Legality_Crime"":false,""Public_Opinion"":false,""Security_Defense"":false,""Cultural_Identity"":false,""Fairness_Equality"":true,""Political_Policies"":false}",2025-06-17 01:21:51.493601+00,2025-06-17 01:21:51.525843+00,Session3
595,1a5e3c90-2e3e-4452-91f7-7c2f7f386a70,"Some will point to Europe and say that people have embraced dense living for a long time, but the difference is they have no choice.","{""None"":false,""Economic"":false,""Morality"":false,""Health_Safety"":false,""Legality_Crime"":false,""Public_Opinion"":true,""Security_Defense"":false,""Cultural_Identity"":false,""Fairness_Equality"":false,""Political_Policies"":false}",2025-06-17 01:22:11.087709+00,2025-06-17 01:22:11.119119+00,Session3
596,1a5e3c90-2e3e-4452-91f7-7c2f7f386a70,Suggesting that such is the case is beyond ignorant and if that blade only cuts one way it is also racist as heck.,"{""None"":false,""Economic"":false,""Morality"":false,""Health_Safety"":false,""Legality_Crime"":false,""Public_Opinion"":false,""Security_Defense"":false,""Cultural_Identity"":false,""Fairness_Equality"":true,""Political_Policies"":false}",2025-06-17 01:22:16.679587+00,2025-06-17 01:22:16.708456+00,Session3
597,1a5e3c90-2e3e-4452-91f7-7c2f7f386a70,"Just so you know there is Church doctrine on contraception etc., based on scripture and tradition and developed from logic, that cannot be changed even if the Pope feels like it.","{""None"":false,""Economic"":false,""Morality"":true,""Health_Safety"":false,""Legality_Crime"":false,""Public_Opinion"":false,""Security_Defense"":false,""Cultural_Identity"":false,""Fairness_Equality"":false,""Political_Policies"":false}",2025-06-17 01:22:24.995056+00,2025-06-17 01:22:25.329746+00,Session3
598,1a5e3c90-2e3e-4452-91f7-7c2f7f386a70,Canada has millions of people with deep multi generational roots here .. What the heck is wrong with saying that ?,"{""None"":false,""Economic"":false,""Morality"":false,""Health_Safety"":false,""Legality_Crime"":false,""Public_Opinion"":false,""Security_Defense"":false,""Cultural_Identity"":true,""Fairness_Equality"":false,""Political_Policies"":false}",2025-06-17 01:22:30.634603+00,2025-06-17 01:22:30.663356+00,Session3
599,1a5e3c90-2e3e-4452-91f7-7c2f7f386a70,"The biggest difference is that they will not be in on caucus meetings, which incidentally will ensure that Alberta now has absolutely no representation in the Liberal caucus.","{""None"":false,""Economic"":false,""Morality"":false,""Health_Safety"":false,""Legality_Crime"":false,""Public_Opinion"":false,""Security_Defense"":false,""Cultural_Identity"":false,""Fairness_Equality"":false,""Political_Policies"":true}",2025-06-17 01:22:38.640934+00,2025-06-17 01:22:38.671264+00,Session3
600,1a5e3c90-2e3e-4452-91f7-7c2f7f386a70,"The five most populated countries - China, India, the USA, Indonesia, Brazil, Pakistan, and Nigeria - hold more than half the planets population, and the first three as a group hold over 40%.","{""None"":false,""Economic"":false,""Morality"":false,""Health_Safety"":false,""Legality_Crime"":false,""Public_Opinion"":true,""Security_Defense"":false,""Cultural_Identity"":false,""Fairness_Equality"":false,""Political_Policies"":false}",2025-06-17 01:22:52.294017+00,2025-06-17 01:22:52.316601+00,Session3
601,1a5e3c90-2e3e-4452-91f7-7c2f7f386a70,Everybody knew it was a risk to remain in Hong Kong which is why so many hold foreign citizenship-including many people in China.,"{""None"":false,""Economic"":false,""Morality"":false,""Health_Safety"":false,""Legality_Crime"":false,""Public_Opinion"":false,""Security_Defense"":false,""Cultural_Identity"":true,""Fairness_Equality"":false,""Political_Policies"":false}",2025-06-17 01:23:08.882213+00,2025-06-17 01:23:08.905893+00,Session3
602,1a5e3c90-2e3e-4452-91f7-7c2f7f386a70,"Indeed, the public may turn against the mission if things don't go well.When Canadian troops were first deployed to Afghanistan, the public strongly endorsed the mission.","{""None"":false,""Economic"":false,""Morality"":false,""Health_Safety"":false,""Legality_Crime"":false,""Public_Opinion"":true,""Security_Defense"":false,""Cultural_Identity"":false,""Fairness_Equality"":false,""Political_Policies"":false}",2025-06-17 01:23:18.854154+00,2025-06-17 01:23:18.881938+00,Session3
603,1a5e3c90-2e3e-4452-91f7-7c2f7f386a70,"Love or hate their wars, their soldiers have been attacked abroad in Afghanistan, Iraq, Libya, Lebanon, at sea amongst other places by Muslim terrorists.","{""None"":false,""Economic"":false,""Morality"":false,""Health_Safety"":false,""Legality_Crime"":false,""Public_Opinion"":false,""Security_Defense"":true,""Cultural_Identity"":false,""Fairness_Equality"":false,""Political_Policies"":false}",2025-06-17 01:23:23.72659+00,2025-06-17 01:23:23.754228+00,Session3
604,1a5e3c90-2e3e-4452-91f7-7c2f7f386a70,(Suggesting that at the very least you will come out of all this with a whole new slate of kinky dating prospects!,"{""None"":true,""Economic"":false,""Morality"":false,""Health_Safety"":false,""Legality_Crime"":false,""Public_Opinion"":false,""Security_Defense"":false,""Cultural_Identity"":false,""Fairness_Equality"":false,""Political_Policies"":false}",2025-06-17 01:23:33.774529+00,2025-06-17 01:23:33.804697+00,Session3